,Chủ đề,Nguồn nhập
0,Văn học kinh điển – cổ điển,https://www.fahasa.com/sach-trong-nuoc/van-hoc-trong-nuoc/tac-pham-kinh-dien.html?order=num_orders&limit=24&p=1
1,Văn học kinh điển – cổ điển,https://nhasachphuongnam.com/vi/van-hoc-kinh-dien-co-dien.html
4,Văn học Mỹ,https://nhasachphuongnam.com/vi/van-hoc-my.html
5,Vân học Anh,https://nhasachphuongnam.com/vi/van-hoc-anh.html
6,Văn học Pháp,https://nhasachphuongnam.com/vi/van-hoc-phap.html
7,Văn học Đức,https://nhasachphuongnam.com/vi/van-hoc-duc.html
8,Văn học Nhật Bản,https://nhasachphuongnam.com/vi/van-hoc-nhat.html
9,Văn học Nhật Bản,https://bookbuy.vn/van-hoc-nhat-ban
10,Văn học Hàn Quốc,https://nhasachphuongnam.com/vi/van-hoc-han-quoc.html
11,Văn học Trung Quốc,https://nhasachphuongnam.com/vi/van-hoc-trung-quoc.html
12,Văn học Nga,https://nhasachphuongnam.com/vi/van-hoc-nga.html
13,Văn học Nga,https://bookbuy.vn/van-hoc-nga
14,Văn học các nước,https://nhasachphuongnam.com/vi/sach-van-hoc-nuoc-ngoai-khac.html
15,Truyện ngắn - tản văn – tạp văn,https://tiki.vn/truyen-ngan-tan-van-tap-van/c845
20,Thơ - kịch,https://nhasachphuongnam.com/vi/tho-van.html
26,Tự truyện - hồi ký – bút ký – tiểu sử - chân dung nhân vật,https://nhasachphuongnam.com/vi/hoi-ky-but-ky-chan-dung-nhan-vat-2.html
35,Lý luận – nghiên cứu – phê bình văn học,https://tiki.vn/phe-binh-ly-luan-van-hoc/c5244
37,Lý luận – nghiên cứu – phê bình văn học,https://nhasachphuongnam.com/vi/ly-luan-nghien-cuu-phe-binh.html
40,Ca dao – tục ngữ - thành ngữ - câu đố,https://www.fahasa.com/sach-trong-nuoc/van-hoc-trong-nuoc/tho-ca-tuc-ngu-ca-dao-thanh-ngu.html?order=num_orders&limit=24&p=1
41,Ca dao – tục ngữ - thành ngữ - câu đố,https://nhasachphuongnam.com/vi/tuc-ngu-ca-dao-truyen-cuoi.html
43,Truyện cười,https://tiki.vn/truyen-cuoi/c444
46,Truyện lịch sử,https://nhasachphuongnam.com/vi/truyen-lich-su.html
51,Truyện trinh thám,https://nhasachphuongnam.com/vi/truyen-trinh-tham-1.html
53,Truyện viễn tưởng – phưu lưu – huyền bí,https://tiki.vn/truyen-gia-tuong-huyen-bi-phieu-luu/c840
54,Truyện viễn tưởng – phưu lưu – huyền bí,https://www.vinabook.com/c418/truyen-gia-tuong-than-bi/
55,Truyện viễn tưởng – phưu lưu – huyền bí,https://www.fahasa.com/sach-trong-nuoc/van-hoc-trong-nuoc/huyen-bi-gia-tuong-kinh-di.html?order=num_orders&limit=24&p=1
56,Truyện viễn tưởng – phưu lưu – huyền bí,https://www.vinabook.com/c429/truyen-vien-tuong-kinh-di/
57,Truyện kinh dị,https://tiki.vn/truyen-kinh-di/c665
58,Truyện kinh dị,https://nhasachphuongnam.com/vi/truyen-kinh-di.html
61,Light Novel,https://nhasachphuongnam.com/vi/light-novel.html
63,Truyện ngôn tình,https://www.fahasa.com/sach-trong-nuoc/van-hoc-trong-nuoc/ngon-tinh.html?order=num_orders&limit=24&p=1
65,Truyện đam mỹ,https://tiki.vn/truyen-dam-my/c1367
73,Tiểu thuyết nước ngoài,https://www.vinabook.com/c425/tieu-thuyet-1/
76,Sách tranh - artbook,https://tiki.vn/sach-anh/c26902
79,Sách tranh - artbook,https://nhasachphuongnam.com/vi/sach-tranh-anh.html
81,Tác giả - tác phẩm,https://www.fahasa.com/sach-trong-nuoc/van-hoc-trong-nuoc/tac-gia-tac-pham.html?order=num_orders&limit=24&p=1
85,Khởi nghiệp,https://www.vinabook.com/c868/khoi-nghiep/
86,Khởi nghiệp,https://tiki.vn/sach-khoi-nghiep/c372
87,Khởi nghiệp,https://www.fahasa.com/sach-trong-nuoc/kinh-te-chinh-tri-phap-ly/khoi-nghiep-lam-giau.html?order=num_orders&limit=24&p=1
88,Khởi nghiệp,https://nhasachphuongnam.com/vi/khoi-nghiep-lam-giau.html
89,Khởi nghiệp,https://bookbuy.vn/sach/sach-startup-lam-giau
90,Quản trị kinh doanh,https://nhasachphuongnam.com/vi/quan-tri-kinh-doanh.html
95,Marketing - Bán hàng,https://nhasachphuongnam.com/vi/marketing-ban-hang.html
101,Lãnh đạo - Quản trị,https://nhasachphuongnam.com/vi/quan-tri-nhan-su-tuyen-dung.html
105,Nhân sự - Việc làm,https://www.fahasa.com/sach-trong-nuoc/kinh-te-chinh-tri-phap-ly/nhan-su-viec-lam.html?order=num_orders&limit=24&p=1
108,Ngoại thương,https://nhasachphuongnam.com/vi/ngoai-thuong.html
109,Kinh tế học,https://tiki.vn/sach-kinh-te-hoc/c593
110,Kinh tế học,https://www.fahasa.com/sach-trong-nuoc/kinh-te-chinh-tri-phap-ly/phan-tich-kinh-te.html?order=num_orders&limit=24&p=1
112,Phân tích - Môi trường kinh tế,https://nhasachphuongnam.com/vi/kinh-te-hoc-1.html
114,Tài chính - Tiền tệ - Ngân hàng,https://tiki.vn/sach-tai-chinh-tien-te/c5246
116,Tài chính - Tiền tệ - Ngân hàng,https://nhasachphuongnam.com/vi/ngan-hang-tai-chinh-ke-toan.html
119,Đầu tư - chứng khoán – bất động sản,https://www.fahasa.com/sach-trong-nuoc/kinh-te-chinh-tri-phap-ly/chung-khoan-bat-dong-san-dau-tu.html?order=num_orders&limit=24&p=1
120,Đầu tư - chứng khoán – bất động sản,https://nhasachphuongnam.com/vi/bat-dong-san-chung-khoan-dau-tu.html
124,Kế toán – Kiểm toán – Thuế,https://www.fahasa.com/sach-trong-nuoc/kinh-te-chinh-tri-phap-ly/ke-toan-kiem-toan-thue.html?order=num_orders&limit=24&p=1
126,Tiền ảo - blockchain,https://www.vinabook.com/c878/sach-blockchain/
129,Kỹ năng làm việc,https://tiki.vn/sach-ky-nang-lam-viec/c385
130,Kỹ năng làm việc,https://nhasachphuongnam.com/vi/ky-nang-cong-viec.html
133,Nhân vật - bài học kinh doanh,https://tiki.vn/bai-hoc-kinh-doanh/c847
134,Nhân vật - bài học kinh doanh,https://tiki.vn/sach-doanh-nhan/c483
136,Nhân vật - bài học kinh doanh,https://nhasachphuongnam.com/vi/nhan-vat-bai-hoc-kinh-doanh.html
138,Kỹ năng – nghệ thuật sống,https://tiki.vn/sach-ky-nang-song/c871
139,Kỹ năng – nghệ thuật sống,https://tiki.vn/sach-nghe-thuat-song-dep/c872
140,Kỹ năng – nghệ thuật sống,https://www.vinabook.com/c519/sach-hoc-lam-nguoi/
141,Kỹ năng – nghệ thuật sống,https://www.fahasa.com/sach-trong-nuoc/tam-ly-ky-nang-song/ky-nang-song.html?order=num_orders&limit=24&p=1
142,Kỹ năng – nghệ thuật sống,https://www.fahasa.com/sach-trong-nuoc/tam-ly-ky-nang-song/ren-luyen-nhan-cach.html?order=num_orders&limit=24&p=1
143,Kỹ năng – nghệ thuật sống,https://www.fahasa.com/sach-trong-nuoc/tam-ly-ky-nang-song/chicken-soup-hat-giong-tam-hon.html?order=num_orders&limit=24&p=1
144,Kỹ năng – nghệ thuật sống,https://nhasachphuongnam.com/vi/ky-nang-song-1.html
145,Kỹ năng – nghệ thuật sống,https://nhasachphuongnam.com/vi/song-dep.html
146,Kỹ năng – nghệ thuật sống,https://bookbuy.vn/sach/sach-song-dep
153,Phụ nữ - Làm đẹp,https://tiki.vn/sach-lam-dep/c4902
154,Phụ nữ - Làm đẹp,https://www.vinabook.com/c520/bi-quyet-lam-dep/
155,Phụ nữ - Làm đẹp,https://www.fahasa.com/sach-trong-nuoc/nu-cong-gia-chanh/lam-dep.html?order=num_orders&limit=24&p=1
156,Phụ nữ - Làm đẹp,https://nhasachphuongnam.com/vi/lam-dep.html
157,Phụ nữ - Làm đẹp,https://bookbuy.vn/sach/sach-suc-khoe-lam-dep
158,Nấu ăn,https://tiki.vn/sach-day-nau-an/c865
159,Nấu ăn,https://www.vinabook.com/c521/sach-nau-an/
164,Món ăn bài thuốc,https://www.fahasa.com/sach-trong-nuoc/nu-cong-gia-chanh/mon-an-bai-thuoc.html?order=num_orders&limit=24&p=1
166,Mẹo vặt – cẩm nang,https://nhasachphuongnam.com/vi/nu-cong-gia-chanh.html
168,Tiếng Việt,https://www.fahasa.com/sach-trong-nuoc/sach-hoc-ngoai-ngu/tieng-viet-cho-nguoi-nuoc-ngoai.html?order=num_orders&limit=24&p=1
169,Tiếng Anh (Ngữ pháp),https://www.fahasa.com/sach-trong-nuoc/sach-hoc-ngoai-ngu/tieng-anh/ngu-phap.html?order=num_orders&limit=24&p=1
171,Tiếng Anh (Luyện nghe),https://www.fahasa.com/sach-trong-nuoc/sach-hoc-ngoai-ngu/tieng-anh/luyen-nghe.html?order=num_orders&limit=24&p=1
172,Tiếng Anh (Từ vựng),https://www.fahasa.com/sach-trong-nuoc/sach-hoc-ngoai-ngu/tieng-anh/tu-vung.html?order=num_orders&limit=24&p=1
173,Tiếng Anh (Luyện thi IELTS),https://www.fahasa.com/sach-trong-nuoc/sach-hoc-ngoai-ngu/tieng-anh/luyen-thi-ielts.html?order=num_orders&limit=24&p=1
175,Tiếng Anh (Luyện thi TOEFL),https://www.fahasa.com/sach-trong-nuoc/sach-hoc-ngoai-ngu/tieng-anh/luyen-thi-toefl.html?order=num_orders&limit=24&p=1
176,"Tiếng Anh (Luyện thi Chứng chỉ A, B, C)",https://www.fahasa.com/sach-trong-nuoc/sach-hoc-ngoai-ngu/tieng-anh/luyen-thi-chung-chi-a-b-c.html?order=num_orders&limit=24&p=1
177,Sách Tiếng Anh tổng hợp,https://nhasachphuongnam.com/vi/tieng-anh-giao-trinh.html
178,Sách Tiếng Anh tổng hợp,https://nhasachphuongnam.com/vi/tieng-anh-van-pham.html
180,Tiếng Trung,https://www.fahasa.com/sach-trong-nuoc/sach-hoc-ngoai-ngu/tieng-hoa.html?order=num_orders&limit=24&p=1
182,Tiếng Trung,https://nhasachphuongnam.com/vi/tieng-trung.html
184,Tiếng Pháp,https://www.fahasa.com/sach-trong-nuoc/sach-hoc-ngoai-ngu/tieng-phap.html?order=num_orders&limit=24&p=1 https://www.vinabook.com/c411/tieng-phap/
185,Tiếng Pháp,https://nhasachphuongnam.com/vi/tieng-phap.html
186,Tiếng Pháp,https://bookbuy.vn/sach/sach--tieng-phap
187,Tiếng Hàn,https://www.fahasa.com/sach-trong-nuoc/sach-hoc-ngoai-ngu/tieng-han.html?order=num_orders&limit=24&p=1
188,Tiếng Hàn,https://tiki.vn/sach-hoc-tieng-han/c1526
189,Tiếng Hàn,https://nhasachphuongnam.com/vi/tieng-han.html
190,Tiếng Nhật,https://www.fahasa.com/sach-trong-nuoc/sach-hoc-ngoai-ngu/tieng-nhat.html?order=num_orders&limit=24&p=1
191,Tiếng Nhật,https://tiki.vn/sach-hoc-tieng-nhat/c1524
193,Tiếng Nhật,https://nhasachphuongnam.com/vi/tieng-nhat.html
195,Tiếng Đức,https://www.fahasa.com/sach-trong-nuoc/sach-hoc-ngoai-ngu/tieng-duc.html?order=num_orders&limit=24&p=1
199,Tiếng Việt,https://tiki.vn/tu-dien-tieng-viet/c903
202,Tiếng Việt,https://nhasachphuongnam.com/vi/tieng-viet.html
203,Tiếng Việt,https://www.fahasa.com/sach-trong-nuoc/tu-dien/tu-dien-tieng-viet.html?order=num_orders&limit=24&p=1
204,Tiếng Anh,https://tiki.vn/tu-dien-tieng-anh/c898
207,Tiếng Anh,https://nhasachphuongnam.com/vi/tieng-anh.html
208,Tiếng Anh,https://www.fahasa.com/sach-trong-nuoc/tu-dien/tu-dien-tieng-anh-anh-anh-viet-viet-anh.html?order=num_orders&limit=24&p=1
209,Tiếng Anh,https://www.fahasa.com/sach-trong-nuoc/tu-dien/tu-dien-tieng-anh-anh-anh-viet-viet-anh.html?order=num_orders&limit=24&p=1
211,Tiếng Trung,https://www.fahasa.com/sach-trong-nuoc/tu-dien/tu-dien-han-viet.html?order=num_orders&limit=24&p=1
214,Tiếng Trung,https://nhasachphuongnam.com/vi/tieng-hoa-1.html
215,Tiếng Pháp,https://tiki.vn/tu-dien-tieng-phap/c902
216,Tiếng Pháp,https://bookbuy.vn/sach/tu-dien-tieng-phap
217,Tiếng Pháp,https://www.fahasa.com/sach-trong-nuoc/tu-dien/tu-dien-tieng-phap-viet-viet-phap.html?order=num_orders&limit=24&p=1
218,Tiếng Pháp,https://nhasachphuongnam.com/vi/tieng-phap-1.html
219,Tiếng Pháp,https://www.vinabook.com/c405/tieng-phap-1/
220,Tiếng Nhật,https://tiki.vn/tu-dien-tieng-nhat/c901
221,Tiếng Nhật,https://www.fahasa.com/sach-trong-nuoc/tu-dien/tu-dien-tieng-nhat-viet-viet-nhat.html?order=num_orders&limit=24&p=1
223,Tiếng Nhật,https://nhasachphuongnam.com/vi/tieng-nhat-1.html
225,Tiếng Hàn,https://tiki.vn/tu-dien-tieng-han/c899
226,Tiếng Hàn,https://www.fahasa.com/sach-trong-nuoc/tu-dien/tu-dien-tieng-han-viet-viet-han.html?order=num_orders&limit=24&p=1
227,Nhiều ngôn ngữ,https://tiki.vn/tu-dien-ngon-ngu-khac/c904
228,Nhiều ngôn ngữ,https://nhasachphuongnam.com/vi/tu-dien-khac.html
230,Nhiều ngôn ngữ,https://www.fahasa.com/sach-trong-nuoc/tu-dien/tu-dien-tieng-duc-viet-viet-duc.html?order=num_orders&limit=24&p=1
231,Nhiều ngôn ngữ,https://www.vinabook.com/c409/ngon-ngu-khac/
232,Nhiều ngôn ngữ,https://www.fahasa.com/sach-trong-nuoc/tu-dien/tu-dien-khac.html?order=num_orders&limit=24&p=1
234,Chuyên ngành,https://www.fahasa.com/sach-trong-nuoc/tu-dien/tu-dien-chuyen-nganh.html?order=num_orders&limit=24&p=1
235,Chuyên ngành,https://nhasachphuongnam.com/vi/tu-dien-chuyen-nganh.html
237,Cấp 1,https://tiki.vn/sach-giao-khoa-cap-1/c16660
238,Cấp 2,https://tiki.vn/sach-giao-khoa-cap-2/c16662
239,Cấp 3,https://tiki.vn/sach-giao-khoa-cap-3/c16664
241,Đại học – cao đẳng – thcn,https://tiki.vn/gia-trinh-dai-hoc-cao-dang/c6991
242,Đại học – cao đẳng – thcn,https://www.vinabook.com/c455/dai-hoc/
243,Đại học – cao đẳng – thcn,https://www.fahasa.com/sach-trong-nuoc/giao-khoa-tham-khao/dai-hoc.html?order=num_orders&limit=24&p=1
244,Đại học – cao đẳng – thcn,https://www.fahasa.com/sach-trong-nuoc/giao-trinh/giao-trinh-dh-cd-thcn.html?order=num_orders&limit=24&p=1
245,Đại học – cao đẳng – thcn,https://nhasachphuongnam.com/vi/giao-trinh.html
246,Dạy – Học nghề,https://www.fahasa.com/sach-trong-nuoc/giao-trinh/day-nghe.html?order=num_orders&limit=24&p=1
247,Dạy – Học nghề,https://www.vinabook.com/c524/sach-hoc-nghe/
249,Mầm non,https://www.fahasa.com/sach-trong-nuoc/giao-khoa-tham-khao/mau-giao.html?order=num_orders&limit=24&p=1
251,Lớp 1,https://www.fahasa.com/sach-trong-nuoc/giao-khoa-tham-khao/lop-2/tham-khao-lop-1.html?order=num_orders&limit=24&p=1
252,Lớp 2,https://www.fahasa.com/sach-trong-nuoc/giao-khoa-tham-khao/lop-2/tham-khao-lop-2.html?order=num_orders&limit=24&p=1
253,Lớp 3,https://www.fahasa.com/sach-trong-nuoc/giao-khoa-tham-khao/lop-2/tham-khao-lop-3.html?order=num_orders&limit=24&p=1
254,Lớp 4,https://www.fahasa.com/sach-trong-nuoc/giao-khoa-tham-khao/lop-2/tham-khao-lop-4.html?order=num_orders&limit=24&p=1
256,Lớp 5,https://www.fahasa.com/sach-trong-nuoc/giao-khoa-tham-khao/lop-2/tham-khao-lop-5.html?order=num_orders&limit=24&p=1
257,Lớp 6,https://www.fahasa.com/sach-trong-nuoc/giao-khoa-tham-khao/lop-2/giao-khoa-lop-6.html?order=num_orders&limit=24&p=1
259,Lớp 7,https://www.fahasa.com/sach-trong-nuoc/giao-khoa-tham-khao/lop-2/tham-khao-lop-7.html?order=num_orders&limit=24&p=1
261,Lớp 8,https://www.fahasa.com/sach-trong-nuoc/giao-khoa-tham-khao/lop-2/tham-khao-lop-8.html?order=num_orders&limit=24&p=1
263,Lớp 9,https://www.fahasa.com/sach-trong-nuoc/giao-khoa-tham-khao/lop-2/tham-khao-lop-9.html?order=num_orders&limit=24&p=1
265,Lớp 10,https://www.fahasa.com/sach-trong-nuoc/giao-khoa-tham-khao/lop-2/tham-khao-lop-10.html?order=num_orders&limit=24&p=1
266,Lớp 11,https://bookbuy.vn/sach/lop-10-tham-khao
267,Lớp 11,https://www.fahasa.com/sach-trong-nuoc/giao-khoa-tham-khao/lop-2/tham-khao-lop-11.html?order=num_orders&limit=24&p=1
269,Lớp 12,https://www.fahasa.com/sach-trong-nuoc/giao-khoa-tham-khao/lop-2/tham-khao-lop-12.html?order=num_orders&limit=24&p=1
270,Lớp 13,https://bookbuy.vn/sach/sach-luyen-thi-dai-hoc
271,Chuyên đề,https://tiki.vn/sach-chuyen-de/c18372
272,Ôn thi THPT quốc gia,https://tiki.vn/sach-luyen-thi-dai-hoc-cao-dang/c7971
273,Sách giáo viên,https://www.fahasa.com/sach-trong-nuoc/giao-khoa-tham-khao/sach-giao-vien.html?order=num_orders&limit=24&p=1
275,Hạnh phúc gia đình,https://www.vinabook.com/c513/hanh-phuc-gia-dinh/
276,Hạnh phúc gia đình,https://nhasachphuongnam.com/vi/hanh-phuc-gia-dinh.html
278,Chăm sóc sức khỏe,https://tiki.vn/cham-soc-suc-khoe/c863
279,Chăm sóc sức khỏe,https://bookbuy.vn/sach/sach-suc-khoe
280,Chăm sóc sức khỏe,https://bookbuy.vn/sach/sach-suc-khoe
281,Cẩm nang làm cha mẹ,https://tiki.vn/sach-lam-cha-me/c3320
282,Cẩm nang làm cha mẹ,https://www.fahasa.com/sach-trong-nuoc/nuoi-day-con/cam-nang-lam-cha-me.html?order=num_orders&limit=24&p=1
283,Cẩm nang làm cha mẹ,https://nhasachphuongnam.com/vi/nuoi-day-con.html
286,Phương pháp giáo dục trẻ các nước,https://www.fahasa.com/sach-trong-nuoc/nuoi-day-con/phuong-phap-giao-duc-cac-nuoc.html?order=num_orders&limit=24&p=1
287,Phát triển kỹ năng – trí tuệ cho trẻ,https://tiki.vn/sach-ky-nang-cho-be/c3271
288,Phát triển kỹ năng – trí tuệ cho trẻ,https://www.fahasa.com/sach-trong-nuoc/nuoi-day-con/phat-trien-ky-nang-tri-tue-cho-tre.html?order=num_orders&limit=24&p=1
289,Giáo dục trẻ tuổi dậy thì,https://www.fahasa.com/sach-trong-nuoc/nuoi-day-con/giao-duc-tre-tuoi-teen.html?order=num_orders&limit=24&p=1
290,Sức khỏe dinh dưỡng cho trẻ,https://www.fahasa.com/sach-trong-nuoc/nuoi-day-con/dinh-duong-suc-khoe-cho-tre.html?order=num_orders&limit=24&p=1
291,Sức khỏe dinh dưỡng cho trẻ,https://tiki.vn/sach-dinh-duong-suc-khoe-cho-be/c3272
292,Sức khỏe dinh dưỡng cho trẻ,https://nhasachphuongnam.com/vi/ba-me-em-be.html
293,Phụ nữ mang thai,https://tiki.vn/sach-thai-giao/c6138
294,Phụ nữ mang thai,https://www.fahasa.com/sach-trong-nuoc/nuoi-day-con/danh-cho-me-bau.html?order=num_orders&limit=24&p=1
296,Truyện cổ tích - thần thoại – ngụ ngôn,https://tiki.vn/truyen-co-tich-ngu-ngon/c10079
297,Truyện cổ tích - thần thoại – ngụ ngôn,https://tiki.vn/truyen-ke-cho-be/c854
298,Truyện cổ tích - thần thoại – ngụ ngôn,https://tiki.vn/truyen-co-tich/c1753
299,Truyện cổ tích - thần thoại – ngụ ngôn,https://www.vinabook.com/c660/truyen-thieu-nhi/
300,Truyện cổ tích - thần thoại – ngụ ngôn,https://www.vinabook.com/c536/co-tich-than-thoai/
301,Truyện cổ tích - thần thoại – ngụ ngôn,https://www.vinabook.com/c658/truyen-thieu-nhi-1/
302,Truyện cổ tích - thần thoại – ngụ ngôn,https://www.fahasa.com/sach-trong-nuoc/thieu-nhi/truyen-thieu-nhi.html?order=num_orders&limit=24&p=1
303,Truyện cổ tích - thần thoại – ngụ ngôn,https://nhasachphuongnam.com/vi/truyen-co-tich-ngu-ngon.html
304,Bài học cuộc sống,https://tiki.vn/bai-hoc-dao-duc/c852
305,Bài học cuộc sống,https://www.fahasa.com/sach-trong-nuoc/thieu-nhi/kien-thuc-ky-nang-song-cho-tre.html?order=num_orders&limit=24&p=1
306,Văn học thiếu nhi,https://tiki.vn/van-hoc-thieu-nhi/c1754
307,Văn học thiếu nhi,https://nhasachphuongnam.com/vi/van-hoc-thieu-nhi.html
308,Văn học thiếu nhi,https://bookbuy.vn/sach/van-hoc-thieu-nhi
309,Truyện tranh - manga – comic,https://tiki.vn/truyen-tranh/c1084
310,Truyện tranh - manga – comic,https://tiki.vn/truyen-tranh-thieu-nhi/c855
311,Truyện tranh - manga – comic,https://tiki.vn/ehon-nhat-ban/c6040
312,Truyện tranh - manga – comic,https://tiki.vn/tranh-truyen/c8973
313,Truyện tranh - manga – comic,https://www.vinabook.com/c530/truyen-tranh/
314,Truyện tranh - manga – comic,https://www.fahasa.com/sach-trong-nuoc/manga-comic.html?order=num_orders&limit=24&p=1
315,Truyện tranh - manga – comic,https://nhasachphuongnam.com/vi/truyen-tranh-manga-comic.html
316,Truyện tranh - manga – comic,https://bookbuy.vn/sach/truyen-tranh.html
317,Truyện tranh - manga – comic,https://bookbuy.vn/sach/tranh-truyen
318,Tô màu – luyện chữ,https://tiki.vn/to-mau-luyen-chu/c856
319,Tô màu – luyện chữ,https://www.fahasa.com/sach-trong-nuoc/thieu-nhi/to-mau-luyen-chu.html?order=num_orders&limit=24&p=1
323,Kiến thức khoa học tự nhiên cho trẻ,https://www.vinabook.com/c527/khoa-hoc-tu-nhien/
324,Kiến thức khoa học tự nhiên cho trẻ,https://www.fahasa.com/sach-trong-nuoc/thieu-nhi/kien-thuc-bach-khoa/kien-thuc-kho-hoc-tu-nhien.html?order=num_orders&limit=24&p=1
325,Kiến thức khoa học tự nhiên cho trẻ,https://www.fahasa.com/sach-trong-nuoc/thieu-nhi/tu-dien-thieu-nhi.html?order=num_orders&limit=24&p=1
327,Kiến thức khoa học xã hội cho trẻ,https://www.vinabook.com/c526/khoa-hoc-xa-hoi/
328,Câu chuyện danh nhân thế giới,https://www.fahasa.com/sach-trong-nuoc/thieu-nhi/kien-thuc-bach-khoa/cau-chuyen-danh-nhan-noi-tieng-the-gioi.html?order=num_orders&limit=24&p=1
332,Tiếng Anh thiếu nhi,https://www.fahasa.com/sach-trong-nuoc/sach-hoc-ngoai-ngu/tieng-anh/tieng-anh-thieu-nhi.html?order=num_orders&limit=24&p=1
333,Tiếng Anh thiếu nhi,https://nhasachphuongnam.com/vi/tieng-anh-thieu-nhi.html
334,Trò chơi – đố vui,https://nhasachphuongnam.com/vi/tro-choi-giai-tri-do-vui-xep-hinh.html
335,Tạp chí thiếu nhi,https://www.fahasa.com/sach-trong-nuoc/thieu-nhi/tap-chi.html?order=num_orders&limit=24&p=1
337,Văn học tuổi teen,https://www.fahasa.com/sach-trong-nuoc/van-hoc-trong-nuoc/tuoi-teen.html?order=num_orders&limit=24&p=1
338,Văn học tuổi teen,https://nhasachphuongnam.com/vi/van-hoc-tuoi-moi-lon.html
340,Truyện tranh tuổi teen,https://nhasachphuongnam.com/vi/truyen-tranh.html
341,Truyện tranh tuổi teen,https://nhasachphuongnam.com/vi/van-hoc-tuoi-moi-lon.html
344,Tâm lý tuổi teen,https://nhasachphuongnam.com/vi/tam-ly-gioi-tinh.html
346,Kiến thức tuổi teen,https://nhasachphuongnam.com/vi/kien-thuc-pho-thong.html
347,Kiến thức tuổi teen,https://nhasachphuongnam.com/vi/sach-tuoi-moi-lon-khac.html
348,Kiến thức tuổi teen,https://nhasachphuongnam.com/vi/day-nghe.html
350,NHÂN VẬT - SỰ KIỆN,https://tiki.vn/sach-danh-nhan/c858
351,NHÂN VẬT - SỰ KIỆN,https://www.vinabook.com/c370/danh-nhan/
352,NHÂN VẬT - SỰ KIỆN,https://www.fahasa.com/sach-trong-nuoc/chinh-tri-phap-ly-triet-hoc/nhan-vat-va-su-kien.html?order=num_orders&limit=24&p=1
353,NHÂN VẬT - SỰ KIỆN,https://www.fahasa.com/sach-trong-nuoc/tieu-su-hoi-ky/cau-chuyen-cuoc-doi.html?order=num_orders&limit=24&p=1
354,NHÂN VẬT - SỰ KIỆN,https://www.fahasa.com/sach-trong-nuoc/tieu-su-hoi-ky/chinh-tri.html?order=num_orders&limit=24&p=1
355,NHÂN VẬT - SỰ KIỆN,https://www.fahasa.com/sach-trong-nuoc/tieu-su-hoi-ky/kinh-te.html?order=num_orders&limit=24&p=1
356,PHONG THỦY - KINH DỊCH,https://tiki.vn/sach-phong-thuy-kinh-dich/c867
357,PHONG THỦY - KINH DỊCH,https://www.fahasa.com/sach-trong-nuoc/phong-thuy-kinh-dich.html?order=num_orders&limit=24&p=1
358,PHONG THỦY - KINH DỊCH,https://nhasachphuongnam.com/vi/tam-linh-phong-thuy.html
360,TỬ VI - CHIÊM TINH,https://tiki.vn/sach-chiem-tinh-horoscope/c7671
364,Pet,https://www.vinabook.com/c533/vat-nuoi-trong-nha/
366,Nhà ở - nội thất,https://nhasachphuongnam.com/vi/trang-tri-noi-that.html
367,TẠP CHÍ - CATALOGUE,https://tiki.vn/tap-chi-catalogue/c1468
368,TẠP CHÍ - CATALOGUE,https://www.fahasa.com/sach-trong-nuoc/bao-tap-chi.html?order=num_orders&limit=24&p=1
369,TẠP CHÍ - CATALOGUE,https://nhasachphuongnam.com/vi/tap-chi.html
371,Hóa học,https://www.vinabook.com/c437/hoa-hoc/
372,Khảo cổ học,https://www.vinabook.com/c441/khao-co-hoc/
375,Toán học,https://www.vinabook.com/c435/toan-hoc/
376,Toán học,https://www.fahasa.com/sach-trong-nuoc/khoa-hoc-ky-thuat/toan-h-c.html?order=num_orders&limit=24&p=1
377,Vật lý,https://www.vinabook.com/c436/vat-ly/
378,Môi trường,https://www.fahasa.com/sach-trong-nuoc/khoa-hoc-ky-thuat/moi-truong-khoang-san-hoa-chat.html?order=num_orders&limit=24&p=1
380,Môi trường,https://nhasachphuongnam.com/vi/moi-truong-moi-sinh.html
381,Địa chất,https://www.vinabook.com/c439/dia-chat/
382,Lĩnh vực khác,https://www.vinabook.com/c442/linh-vuc-khac/
384,Cầu đường,https://www.vinabook.com/c447/cau-duong/
387,Cơ khí - Chế tạo máy,https://nhasachphuongnam.com/vi/co-khi-che-tao-may.html
389,Cơ khí - Chế tạo máy,https://www.fahasa.com/sach-trong-nuoc/khoa-hoc-ky-thuat/co-khi.html?order=num_orders&limit=24&p=1
392,Kỹ thuật Công nghệ,https://www.vinabook.com/c444/ky-thuat-cong-nghe/
393,Kỹ thuật Công nghệ,https://nhasachphuongnam.com/vi/ky-thuat-cong-nghe-vien-thong.html
395,Khoa học vũ trụ,https://www.fahasa.com/sach-trong-nuoc/khoa-hoc-ky-thuat/khoa-hoc-vu-tru.html?order=num_orders&limit=24&p=1
398,Kiến trúc - Xây dựng,https://www.fahasa.com/sach-trong-nuoc/khoa-hoc-ky-thuat/kien-truc-xay-dung.html?order=num_orders&limit=24&p=1
399,Kiến trúc - Xây dựng,https://nhasachphuongnam.com/vi/kien-truc-xay-dung.html
401,"Điện, Điện tử, Tự động hóa",https://www.vinabook.com/c443/dien-dien-tu-tu-dong-hoa/
402,"Điện, Điện tử, Tự động hóa",https://www.fahasa.com/sach-trong-nuoc/khoa-hoc-ky-thuat/dien-dien-tu.html?order=num_orders&limit=24&p=1
403,"Điện, Điện tử, Tự động hóa",https://nhasachphuongnam.com/vi/dien-dien-tu-tu-dong-hoa.html
406,Lĩnh vực KHKT khác,https://nhasachphuongnam.com/vi/khoa-hoc-pho-thong.html
409,Chính trị,https://tiki.vn/ly-luan-chinh-tri/c6993
411,Chính trị,https://www.fahasa.com/sach-trong-nuoc/chinh-tri-phap-ly-triet-hoc/tri-t-h-c-ly-lu-n-chinh-tr.html?order=num_orders&limit=24&p=1
412,Chính trị,https://nhasachphuongnam.com/vi/chinh-tri.html
416,Triết học phương Tây,https://www.vinabook.com/c461/triet-hoc-phuong-tay/
418,Xã hội,https://nhasachphuongnam.com/vi/xa-hoi.html
419,Văn hóa,https://nhasachphuongnam.com/vi/van-hoa-viet-nam.html
420,Văn hóa,https://nhasachphuongnam.com/vi/van-hoa-the-gioi.html
421,Văn hóa,https://tiki.vn/sach-phong-tuc-tap-quan/c6992
424,Danh nhân văn hóa,https://nhasachphuongnam.com/vi/danh-nhan-van-hoa-lich-su.html
425,Du lịch,https://tiki.vn/sach-dia-danh-du-lich/c859
427,Du lịch,https://www.fahasa.com/sach-trong-nuoc/van-hoa-nghe-thuat-du-lich.html?order=num_orders&limit=24&p=1
428,Du lịch,https://nhasachphuongnam.com/vi/du-lich-viet-nam.html
429,Du lịch,https://nhasachphuongnam.com/vi/du-lich-the-gioi.html
432,Nghiệp vụ báo chí,https://nhasachphuongnam.com/vi/nghiep-vu-bao-chi.html
435,Sư phạm - Giáo dục,https://tiki.vn/sach-giao-duc/c877
436,Sư phạm - Giáo dục,https://www.fahasa.com/sach-trong-nuoc/khoa-hoc-ky-thuat/giao-duc.html?order=num_orders&limit=24&p=1
439,Lịch sử - Địa lý (Châu Á),https://www.vinabook.com/c469/chau-a/
440,Lịch sử - Địa lý (Châu Á),https://www.vinabook.com/c465/trung-quoc/
441,Lịch sử - Địa lý (Châu Âu),https://www.vinabook.com/c467/chau-au/
442,Lịch sử - Địa lý (Châu Mỹ),https://www.vinabook.com/c468/chau-my/
443,Lịch sử - Địa lý (Châu Phi),https://www.vinabook.com/c470/chau-phi/
444,Lịch sử - Địa lý (Thế Giới),https://tiki.vn/lich-su-the-gioi/c9725
445,Lịch sử - Địa lý (Thế Giới),https://www.vinabook.com/c464/the-gioi-1/
446,Lịch sử - Địa lý (Thế Giới),https://nhasachphuongnam.com/vi/lich-su-the-gioi.html
447,Lịch sử - Địa lý (Thế Giới),https://nhasachphuongnam.com/vi/dia-ly-the-gioi.html
448,Lịch sử - Địa lý (Trung Đông),https://www.vinabook.com/c466/trung-dong/
449,Lịch sử - Địa lý (Việt Nam),https://tiki.vn/lich-su-viet-nam/c9724
450,Lịch sử - Địa lý (Việt Nam),https://www.vinabook.com/c462/viet-nam/
451,Lịch sử - Địa lý (Việt Nam),https://nhasachphuongnam.com/vi/lich-su-viet-nam.html
452,Lịch sử - Địa lý (Việt Nam),https://nhasachphuongnam.com/vi/dia-ly-viet-nam.html
453,Tôn giáo (Hồi giáo),https://www.vinabook.com/c473/hoi-giao/
454,Tôn giáo (Hồi giáo),https://bookbuy.vn/sach/sach-hoi-giao
455,Tôn giáo (Phật giáo),https://www.vinabook.com/c472/phat-giao/
456,Tôn giáo (Phật giáo),https://nhasachphuongnam.com/vi/phat-giao.html
457,Tôn giáo (Phật giáo),https://bookbuy.vn/sach/sach-phat-giao
458,Tôn giáo (Thiên chúa giáo),https://www.vinabook.com/c471/thien-chua-giao/
459,Tôn giáo (Thiên chúa giáo),https://nhasachphuongnam.com/vi/thien-chua-giao.html
460,Tôn giáo (Thiên chúa giáo),https://bookbuy.vn/sach/sach-thien-chua
461,Tôn giáo (Kiến thức tôn giáo),https://tiki.vn/ton-giao-tam-linh/c861
462,Tôn giáo (Tôn giáo khác),https://www.vinabook.com/c474/ton-giao-khac/
463,Tôn giáo (Tôn giáo khác),https://nhasachphuongnam.com/vi/ton-giao-khac.html
464,Tôn giáo (Tôn giáo khác),https://bookbuy.vn/sach/sach-ton-giao-khac
466,Luật Dân sự,https://nhasachphuongnam.com/vi/luat-dan-su.html
467,Luật Hình sự,https://nhasachphuongnam.com/vi/luat-hinh-su.html
468,Luật Doanh nghiệp – thương mại,https://www.vinabook.com/c388/luat-doanh-nghiep/
469,Luật Doanh nghiệp – thương mại,https://nhasachphuongnam.com/vi/luat-doanh-nghiep-thuong-mai.html
470,Luật Lao động và tiền lương,https://www.vinabook.com/c390/luat-lao-dong-tien-luong/
471,Luật Lao động và tiền lương,https://nhasachphuongnam.com/vi/luat-lao-dong.html
475,Luật Thương mại,https://www.vinabook.com/c389/luat-thuong-mai/
479,Thuế,https://nhasachphuongnam.com/vi/thue.html
482,Các bộ luật khác,https://www.vinabook.com/c393/cac-bo-luat-khac/
483,Các bộ luật khác,https://nhasachphuongnam.com/vi/tham-khao-phap-luat.html
486,Âm nhạc,https://www.fahasa.com/sach-trong-nuoc/am-nhac-my-thuat-thoi-trang/am-nhac.html?order=num_orders&limit=24&p=1
488,Âm nhạc,https://tiki.vn/am-nhac/c9727
490,Sân khấu - Điện ảnh,https://www.vinabook.com/c496/san-khau-dien-anh/
491,Sân khấu - Điện ảnh,https://www.fahasa.com/sach-trong-nuoc/tieu-su-hoi-ky/nghe-thua-giai-tri.html?order=num_orders&limit=24&p=1
492,Sân khấu - Điện ảnh,https://bookbuy.vn/sach/sach-san-khau-dien-anh
493,Mỹ thuật – hội họa,https://www.fahasa.com/sach-trong-nuoc/am-nhac-my-thuat-thoi-trang/my-thuat.html?order=num_orders&limit=24&p=1
494,Mỹ thuật – hội họa,https://bookbuy.vn/sach/sach-my-thuat
495,Mỹ thuật – hội họa,https://bookbuy.vn/sach/sach-day-ve
496,Mỹ thuật – hội họa,https://www.vinabook.com/c499/hoi-hoa/
497,Mỹ thuật – hội họa,https://www.vinabook.com/c501/cac-loai-hinh-my-thuat-khac/
498,Mỹ thuật – hội họa,https://tiki.vn/my-thuat-kien-truc/c9728
499,Mỹ thuật – hội họa,https://nhasachphuongnam.com/vi/thiet-ke-my-thuat.html
501,Thời trang – may - thêu,https://www.fahasa.com/sach-trong-nuoc/am-nhac-my-thuat-thoi-trang/thoi-trang.html?order=num_orders&limit=24&p=1
502,Thời trang – may - thêu,https://tiki.vn/may-theu-thoi-trang/c6989
503,Thủ công – tạo hình,https://www.fahasa.com/sach-trong-nuoc/am-nhac-my-thuat-thoi-trang/thu-cong.html?order=num_orders&limit=24&p=1
504,Nhiếp ảnh – sách ảnh,https://www.vinabook.com/c497/nhiep-anhsach-anh/
505,Nhiếp ảnh – sách ảnh,https://tiki.vn/sach-anh/c26902
511,Cơ sở dữ liệu,https://nhasachphuongnam.com/vi/co-so-du-lieu.html
513,Hệ điều hành,https://nhasachphuongnam.com/vi/he-dieu-hanh.html
516,Internet - mạng,https://nhasachphuongnam.com/vi/internet-mang-web.html
518,Lập trình - Phần mềm ứng dụng,https://tiki.vn/lap-trinh/c9723
520,Lập trình - Phần mềm ứng dụng,https://nhasachphuongnam.com/vi/lap-trinh.html
525,Phần cứng,https://nhasachphuongnam.com/vi/phan-cung.html
526,Phần cứng,https://bookbuy.vn/sach/sach-tin-hoc-phan-cung
528,Tin học cơ bản,https://nhasachphuongnam.com/vi/tin-hoc-can-ban-ly-thuyet.html
530,Tin học văn phòng,https://tiki.vn/tin-hoc-van-phong/c9721
532,Tin học văn phòng,https://nhasachphuongnam.com/vi/tin-hoc-van-phong-ung-dung.html
534,Thiết kế - đồ họa – âm thanh,https://tiki.vn/thiet-ke-do-hoa/c9722
536,Thiết kế - đồ họa – âm thanh,https://nhasachphuongnam.com/vi/do-hoa-am-thanh.html
540,Từ điển y học,https://nhasachphuongnam.com/vi/tu-dien-chuyen-nganh.html
542,Nội khoa,https://www.vinabook.com/c481/noi-khoa/
543,Sản khoa,https://www.vinabook.com/c483/san-khoa/
545,Y học Cổ truyền,https://nhasachphuongnam.com/vi/y-hoc-co-truyen.html
547,Y học thường thức,https://www.vinabook.com/c480/y-hoc-thuong-thuc/
548,Y học thường thức,https://nhasachphuongnam.com/vi/y-hoc-thuong-thuc.html
549,Kiến thức y học tổng hợp,https://www.fahasa.com/sach-trong-nuoc/khoa-hoc-ky-thuat/y-hoc.html?order=num_orders&limit=24&p=2
550,Kiến thức y học tổng hợp,https://www.vinabook.com/c484/cac-khoa-khac/
551,Kiến thức y học tổng hợp,https://nhasachphuongnam.com/vi/sach-y-hoc-khac.html
554,Chăn nuôi – Thú ý,https://www.vinabook.com/c487/chan-nuoi/
555,Chăn nuôi – Thú ý,https://nhasachphuongnam.com/vi/chan-nuoi-thu-y.html
556,Lâm nghiệp,https://www.vinabook.com/c488/lam-nghiep/
557,Trồng trọt,https://www.vinabook.com/c486/trong-trot/
558,Trồng trọt,https://nhasachphuongnam.com/vi/trong-trot.html
560,Bóng đá,https://www.vinabook.com/c493/bong-da/
562,Chơi cờ,https://www.vinabook.com/c495/co-vua-co-tuong/
563,Chơi cờ,https://nhasachphuongnam.com/vi/cac-loai-co.html
565,Thể dục – yoga – thiền,https://www.vinabook.com/c491/the-ducyogathien/
566,Thể dục – yoga – thiền,https://nhasachphuongnam.com/vi/yoga-thien.html
568,Võ thuật,https://www.vinabook.com/c492/vo-thuat/
570,Nhân vật thể thao,https://www.fahasa.com/sach-trong-nuoc/tieu-su-hoi-ky/the-thao.html?order=num_orders&limit=24&p=1
571,Các môn thể thao khác,https://www.vinabook.com/c494/cac-mon-the-thao-khac/
573,ĐẢNG - ĐOÀN - HỘI,https://www.fahasa.com/sach-trong-nuoc/chinh-tri-phap-ly-triet-hoc/doi-doan-dang.html?order=num_orders&limit=24&p=1
574,ĐẢNG - ĐOÀN - HỘI,https://www.fahasa.com/sach-trong-nuoc/chinh-tri-phap-ly-triet-hoc/van-kien.html?order=num_orders&limit=24&p=1
575,FOREIGN BOOKS,https://www.fahasa.com/foreigncategory.html
