title,image_url,genere,author,publisher,price,description,translator,num_pages
Như Đóa Hoa Sương,https://nhasachphuongnam.com/images/thumbnails/900/900/detailed/246/nhu-doa-hoa-suong.jpg,Van hoc duong dai,Gào,NXB Văn Học,"132,000 đ","Thân gửi độc giả,Có những tác phẩm đưa thông điệp và tư tưởng của nó đi theo hàng triệu độc giả trong hàng trăm năm, cũng có những tác phẩm chỉ cần chạm vào chính người viết thôi là đã hoàn thành sứ mệnh của nó rồi. Mà thực ra, phần lớn sách trên thế giới này nằm ở dạng thứ hai, cũng tức là nếu chúng vô tình có thể khơi gợi trong bạn sự chú tâm, rung động và đồng cảm thì thật tuyệt vời, phải không?Khi gửi tác phẩm này, Gào nói với tôi rằng phần lớn nội dung củaNhư Đoá Hoa Sươngđã được hoàn thiện trong giai đoạn Covid lock-down. Có lẽ khi hầu hết các cánh cửa đóng lại, thì cánh cửa vốn vẫn đóng kín trong tâm hồn chúng ta mới lại có cơ hội được mở ra. Phía sau nó lại không phải những giấc mơ tung cánh, mà lại là từng tấm kính ước vọng sụp đổ. Qua những mảnh vỡ đã vụn rơi dưới sàn lạnh buốt ấy soi chiếu lại thế giới quan, thấy những điều lớn lao là vô nghĩa, và những điều có vẻ tầm thường lại là hình thái rõ ràng nhất của sự rung động.Giống như khi nhân vật Quang trong truyện có nói: ""Em thích chị nên em biết"", tôi nghĩ đó là sự thấu hiểu giản đơn mà con người thường ""vô ơn"" tiếp nhận, rồi lại bước tiếp tới vô tận. Sự chân thật vô vọng vốn ít khi nào được trân trọng.Mọi ngã rẽ của người này, ấy thế nào, lại thay đổi cả con đường của người khác. Cũng như những nhân vật trong tác phẩm này, chúng ta chắc có lần tự hỏi những điều mình làm liệu có phải là ý chí tự do? Hay trong bức tranh cuộc đời thì phần màu nền và những nét phác thảo rõ nét vốn đã được định hình từ quá khứ và sẽ tiếp diễn tới tương lai? Chúng ta là người chơi, hay là những quân cờ? Một người chơi sẽ luôn có ván khác, cơ hội khác. Nhưng một quân cờ im lặng chỉ có thể tiến lùi theo những xác lập cố hữu thì buồn biết bao.""Cứ đi về phía trước thì sẽ có đường để đi, có nơi để đến."" Cái đích đó ở đâu hay đi mất bao lâu dường như không quan trọng bằng chúng ta sẽ tìm thấy gì ở đó. Cũng bởi thế tôi thích những tác phẩm mà hành trình của nhân vật sẽ thử thách cách mà họ nghĩ về thế giới này, về con người, về hạnh phúc... Nếu làm được điều đó thì cái kết nào cũng là đúng lúc.Nếu cứ bằng lòng với những sắp đặt thì rồi chúng ta đều sẽ phải góp nhặt lại những cảm xúc đã đánh rơi.Có những bông hoa không phải để ngắt, có những ván cờ không nhất định phải chơi.(Nhà Văn Minh Nhật)",,320
Gã Du Đãng Chúng Ta Đang Lùng Kiếm,https://nhasachphuongnam.com/images/thumbnails/900/900/detailed/247/ga-du-dang-chung-ta-dang-lung-kiem.jpg,Van hoc duong dai,Le Thi Diem Thuy,NXB Thế Giới,"109,000 đ","Tác phẩm là một lát cắt sâu về đời sống của thế hệ người Việt thứ hai trong hành trình vật lộn để trưởng thành và hội nhập tại đất Mỹ trong thời hậu chiến. Nhân vật chính trong truyện là “Tôi” – một cô bé 6 tuổi theo ba mình lên thuyền vượt biên cùng dòng người xa lạ để tìm cuộc sống mới, bỏ lại mẹ cô cùng người anh trai bị chết đuối cách đó không lâu nơi làng chài xơ xác, mặn mùi muối biển.Sau vài năm bôn ba, cuối cùng gia đình họ cũng được đoàn tụ, nhưng rồi những bức bối, tủi hờn, bế tắc trong cuộc sống bắt đầu tác động thô bạo và làm méo mó từng phận người dù họ vẫn luôn cố gắng chống cự. “Tôi tìm thấy ở ba tôi sức chịu đựng khủng khiếp, chịu đựng, chôn chặt, im lặng và tôi thấy phải viết ra những gì mình đã sống, đã chôn chặt, nếu không, sẽ không chịu nổi”.VớiGã Du Đãng Chúng Ta Đang Lùng Kiếm, chiến tranh không bao giờ kết thúc, cho dù trên danh nghĩa, nó đã lùi xa. Và những mảnh vỡ của nó vẫn luôn còn lưu trú trong đất đai, cỏ cây, trong những sâu xa vô thức cùng ý thức của con người.------“Một sự gợi nhắc tuyệt vời về nỗi buồn và khát vọng của những phận người… Nhói lòng và xúc động… Sâu sắc như một câu chuyện cổ, trầm ẩn như một áng thơ xưa”.– New York Times“Một câu chuyện chi tiết và cảm động về một gia đình thuyền nhân người Việt ở đất Mỹ, được thể hiện đầy tinh tế qua lớp vỏ ngôn từ huyền ảo như kính vạn hoa của tác phẩm trong trẻo đầu tay này… Một tác phẩm tuyệt đẹp - một màn ra mắt hoàn hảo”.– Kirkus Reviews“Chiến tranh đã định hình nên một thế hệ và cùng lúc đẽo gọt ra thế hệ kế tiếp, như những gì Lê Thị Diễm Thúy đã bày ra trongGã Du Đãng Chúng Ta Đang Lùng Kiếm”– Viet Thanh Nguyen, tác giả Người tị nạnThông tin tác giảLe Thi Diem Thuylà nhà thơ, nhà văn kiêm diễn viên kịch sinh năm 1972 tại Phan Thiết, Bình Thuận. Năm 1978, cô theo cha đến định cư tại San Diego, California, Hoa Kỳ. Năm 1990, cô học trường Hampshire College ở Massachusetts, chuyên ngành nghiên cứu văn hóa và văn chương hậu thuộc địa. Năm 1993, cô sang Paris để khảo cứu các thư tịch tàng trữ ở Pháp về Việt Nam. Cùng thời gian này, Le Thi Diem Thuy cũng bắt đầu sự nghiệp sáng tác của mình.Cuốn tiểu thuyết đầu tay của cô, Gã du đãng chúng ta đang lùng kiếm xuất bản năm 2001, nhận được nhiều giải thưởng uy tín như Guggenheim Fellowship (2004), USA Fellowship (2008).",Tùng Lam,169
Danh Tác Văn Học Việt Nam - Tiêu Sơn Tráng Sĩ,https://nhasachphuongnam.com/images/thumbnails/900/900/detailed/247/tieu-son-trang-si.jpg,Van hoc duong dai,Khái Hưng,NXB Văn Học,"135,000 đ","Trong lúc ai nấy đương mơ mơ màng màng, bỗng một tiếng pháo nổ. Tức thì chàng công tử cầm chầu vất dùi trống, lanh lẹ rút kiếm thí cho phân suất một nhát.Tiếng hét ầm ĩ vang thành. Nhưng đó không phải tiếng của các tướng chèo nữa. Những tưởng giả ấy đã trở nên thực cả; cũng thực những binh khí họ cầm trong tay khi ra múa mênh dưới sân khấu.Họ vừa chém giết bọn binh lính đương mê ngủ, vừa tiến về phía cổng phủ mà bốn chàng khiêng cũi cùng chủ tướng của họ, tức người bị nhốt trong cũi, đã mở toang từ bao giờ.",,520
Gió Nam Thầm Thì,https://nhasachphuongnam.com/images/thumbnails/800/800/detailed/247/gio-nam-tham-thi.jpg,Van hoc duong dai,Thất Vi,NXB Thanh Niên,"238,000 đ","Tôi muốn đến một nơi, ngoài âm thanh của gió và lá cây thì không còn tiếng ồn ào nào khác. Tôi muốn yêu một người, muốn yêu cô ấy, chỉ yêu cô ấy. Trái tim tôi giống như biển cả. Còn em, em là gió, là sóng, là thủy triều, là mặt trăng tròn trên biển. Khang Thành Là tình cảm chân thành duy nhất của tôi trong cuộc đời này.",Thu Ngân,520
Hoàng Thượng Đừng Nghịch (Tập 1 + 2),https://nhasachphuongnam.com/images/detailed/247/hoang-thuong-dung-nghich-t1-t2.jpg,Van hoc duong dai,Lục Dã Thiên Hạc,NXB Dân Trí,"339,000 đ","Lúc còn nhỏ, Tống Tiêu ôm mộng cả đời làm hiền thần, nhưng lại bị hoàng thượng khăng khăng cố chấp “ép” vào hậu cung, phong làm hoàng hậu. Khi con đường trở thành hoàng hậu hiền đức vừa mới bắt đầu thì hoàng đế đã băng hà...Lần thứ hai mở mắt ra, Tống Tiêu thấy mình đã xuyên đến thế kỷ thứ hai mươi mốt.Đường đường là một trạng nguyên tài trí hơn người, giờ đây cậu lại phải vác sách đến trường ôn thi đại học. Nhưng mà... sao nhìn bạn cùng bàn này quen mắt thế nhỉ!?""Sao, sao thế?"" Tống Tiêu sợ hãi hỏi.Hoàng thượng: ""Tôi mượn vở chép bài tập.”Tống Tiêu: ""...""",Hy Dao,816
Chitose Trong Chai Ramune - Tập 3 (Bản giới hạn),https://nhasachphuongnam.com/images/detailed/247/chitose-trong-chai-ramune-tap-3-ban-gioi-han.jpg,Van hoc duong dai,Hiromu,NXB Kim Đồng,"115,000 đ","“Vẫn có hiện thực giống như truyện cổ tích mà. Thực ra còn ở ngay gần đấy.”Từ sau lần chạm mặt trong buổi thảo luận định hướng, tôi và chị Asuka bắt đầu gặp gỡ cả ở trường. Những lần cùng ra ngoài như thể hẹn hò cũng tăng lên, tôi rất vui, nhưng mặt khác lại mang trong lòng thứ cảm xúc có chút gì cay đắng.Dù rằng tôi cũng hiểu, điều đó là vô cùng ích kỉ.…Chị Asuka sẽ đến Tokyo để theo đuổi giấc mơ của mình.Liệu tôi có thể tươi cười tiễn người ấy không…?Một ngày mùa hè xa xôi. Mong rằng ta sẽ được gặp lại nhau.Bộ truyện tình cảm hài về thế giới của các riajuu, mang theo làn gió của thời đại mới, nay đã bước sang Tập 3!!",,520
Chitose Trong Chai Ramune - Tập 3,https://nhasachphuongnam.com/images/detailed/247/chitose-trong-chai-ramune-tap-3.jpg,Van hoc duong dai,Hiromu,NXB Kim Đồng,"115,000 đ","“Vẫn có hiện thực giống như truyện cổ tích mà. Thực ra còn ở ngay gần đấy.”Từ sau lần chạm mặt trong buổi thảo luận định hướng, tôi và chị Asuka bắt đầu gặp gỡ cả ở trường. Những lần cùng ra ngoài như thể hẹn hò cũng tăng lên, tôi rất vui, nhưng mặt khác lại mang trong lòng thứ cảm xúc có chút gì cay đắng.Dù rằng tôi cũng hiểu, điều đó là vô cùng ích kỉ.…Chị Asuka sẽ đến Tokyo để theo đuổi giấc mơ của mình.Liệu tôi có thể tươi cười tiễn người ấy không…?Một ngày mùa hè xa xôi. Mong rằng ta sẽ được gặp lại nhau.Bộ truyện tình cảm hài về thế giới của các riajuu, mang theo làn gió của thời đại mới, nay đã bước sang Tập 3!!",,520
Thần Chết Làm Thêm 300 Yên/Giờ (Tái bản năm 2023),https://nhasachphuongnam.com/images/thumbnails/900/900/detailed/247/than-chet-lam-them-300-yen-1-gio.jpg,Van hoc duong dai,Fujimaru,NXB Thế Giới,"119,000 đ","“Vậy thì tôi sẽ tuyển cậu làm Thần Chết”Một ngày nọ, học sinh cấp 3 Sakura Shinji được cô bạn cùng lớp Hanamori Yuki mời làm công việc “Thần Chết”, một công việc mà giúp những người chết chưa thể siêu thoát, vẫn còn vấn vương với cuộc sống trần gian trút bỏ hết những luyến tiếc và tiễn họ sang thế giới bên kia.Sakura bán tín bán nghi trước câu chuyện hoang đường này. Tuy nhiên, khi biết rằng “nếu có thể tiếp tục công việc này trong vòng nửa năm sẽ được thực hiện bất kì mong muốn nào”, cho nên dù còn đang nghi ngờ nhưng Sakura vẫn chấp nhận làm công việc này.Ẩn chứa bên trong câu chuyện là sự cảm động về những vấn vương, mong ước rất đỗi xót xa của những người đã mất.",Phạm Thị Phương,384
Gia Sư Của Công Chúa Quỷ,https://nhasachphuongnam.com/images/thumbnails/900/900/detailed/247/gia-su-cua-cong-chua-quy.jpg,Van hoc duong dai,Ryukishi07,NXB Phụ Nữ,"159,000 đ","Đêm hè năm Chiêu Hòa thứ 25, chàng thanh niên Shiozawa Raichi với sứ mệnh làm gia sư cho tiểu thư một gia tộc quyền thế đã ghé thăm ngôi làng. Ở đó, hình ảnh hiện ra trước mắt anh là cô công chúa quỷ xinh đẹp Mishirushi Matsurika đang ngấu nghiến bộ lòng lấy từ xác chế.t.Cũng vào khoảng thời gian đó, nhiều vụ mất tích liên tiếp xảy ra mà nạn nhân đều là các cô gái trẻ. Đặc điểm của những người mất tích đều giống y như ‘thứ’ mà anh đã nhìn thấy ở phòng của Mishirushi.Liệu sự dị thường của cô tiểu thư này là do bệnh hay bởi lời nguyền? Tất cả sẽ được gia sư của công chúa quỷ - Shiozawa Raichi - làm sáng tỏ!",Linhdtp,328
Kẻ Sát Nhân Mộng Du - Những Vụ Án Mạng Kỳ Bí Ở Xứ Phù Tang,https://nhasachphuongnam.com/images/thumbnails/900/900/detailed/247/ke-sat-nhan-mong-du.jpg,Van hoc duong dai,Hamao Shiro,NXB Thanh Niên,"96,000 đ","Ám ảnh và lạnh gáy.Một cuốn sách mà bạn đừng nên đọc vào buổi đêm.Tiểu thuyết tội phạm liệu có phải là sách giáo khoa của những kẻ sát nhân máu lạnh?Bệnh tâm thần liệu có phải là lá chắn hữu hiệu cho những hành vi tội ác vô nhân tính?“Lời thú tội của hoàng hôn” là chuyện tình đầy đau đớn và uẩn khúc mà đến cuối cùng vẫn chưa thể hóa giải. “Đệ tử của ác ma” bị tình nghi giết một người phụ nữ xinh đẹp nhưng anh ta chối tội. Bằng cách viết một lá thư cho người bạn cũ là công tố viên, anh ta đã tường thuật lại toàn bộ quá trình phạm tội của mình nhưng kì lạ thay, dường như mũi tên đang nhắm về phía công tố viên Tsuchida.Một người anh trai chịu xuất hiện sau cái chết của em gái để làm duy nhất một việc: bảo vệ sự trong trắng và quyền lợi của người em quá cố với suy nghĩ rằng “tử thi cũng có quyền lợi lên tiếng”. Một “kẻ cuồng sát” đã gây ra những vụ án làm rúng động xã hội với những bằng chứng tội ác dã man không thể tha thứ.Căn bệnh mộng du được sử dụng như một kim bài miễn tử liệu có trở thành hung khí cho ai đó phạm tội và thoát tội một cách dễ dàng, hay nó sẽ là một điểm yếu để kẻ khác lợi dụng hãm hại ngược lại người mộng du?Một luật sư đang trên tàu đi công tác thì phải nghe một câu chuyện hiếm thấy từ một người đàn ông lạ mặt. Hắn ta thú nhận tội ác đã làm nhưng đó phải chăng chỉ là sự ngộ nhận hay thực sự hắn đã gây ra một tội ác nào khác?Không có bí ẩn nào cần bật mí trong cuốn sách này, cũng không có bất kì hình ảnh kinh dị nào khiến bạn phải giật mình. Nhưng bạn vẫn sẽ bị cuốn theo từng câu chữ trong lời thú tội của những tên tội phạm, khiếp sợ trước lối tư duy biến thái và phi đạo đức của chúng.",Nguyễn Thu Thảo,240
Dưới Cánh Cửa Thầm Thì,https://nhasachphuongnam.com/images/thumbnails/900/900/detailed/247/duoi-canh-cua-tham-thi.jpg,Van hoc duong dai,T. J. Klune,NXB Thế Giới,"199,000 đ","“Tác phẩm mới nhất của Klune, người chiến thắng Giải thưởng Văn học Lambda, là một câu chuyện chiến thắng về nỗi đau, mất mát và bước tiếp. Độc giả sẽ khóc và bị mê hoặc bởi những nhân vật tuyệt vời của anh ấy."" -Library Journal 2022.- Lọt danh sách “Những cuốn sách hay nhất năm 2022” của Buzzfeed!- “Next pick” được Indie đề cử- Top 2 Đề cử Goodreads Choice Awards 2021 hạng mục tiểu thuyết giả tưởng- Top 10 Đề cử Locus Awards hạng mục tiểu thuyết giả tưởng…Wallace Price là một luật sư tài giỏi của văn phòng luật Moore, Price, Hernandez & Worthington nổi tiếng. Nhưng người đàn ông cuồng công việc và thành công này lại là người có tính cách tồi tệ, toan tính, tàn nhẫn và ích kỷ. Wallace qua đời đột ngột vì một cơn đau tim. Trong đám tang chỉ vỏn vẹn 5 người tham dự của chính mình, linh hồn Wallace được đưa đến gặp Người lái đò Hugo Freeman - người làm công việc giúp những linh hồn sang thế giới bên kia.Hugo là một người đàn ông có vẻ bề ngoài “khổng lồ” nhưng lại rất ấm áp, hiền lành và tốt bụng, anh cống hiến cuộc đời mình để giúp đỡ mọi người, dù là người sống hay đã khuất.Cuộc gặp gỡ thú vị tại Tiệm Trà và Bánh Bến Đò Charon đã khiến Wallace dần nhận ra những gì mình đã bỏ lỡ, hiểu được giá trị của cuộc sống, thay đổi trở thành người tử tế và tìm được tình yêu của mình.Lãng mạn, hài hước nhưng không kém phần kịch tính,Dưới Cánh Cửa Thầm Thìsẽ giúp bạn hiểu sâu sắc ý nghĩa của việc sống một cuộc sống tốt đẹp và làm thế nào để không bao giờ là quá muộn…",Jack Frogg,664
Trúc Thư Dao 3 - Tề Lỗ Rồng Xanh Giấu Sáng,https://nhasachphuongnam.com/images/thumbnails/900/900/detailed/247/truc-thu-dao-3-te-lo-rong-xanh-giau-sang.jpg,Van hoc duong dai,Văn Giản Tử,NXB Hà Nội,"249,000 đ","Ở phía Đông, nước Tề trù phú trở thành đất lành của lái buôn tứ xứ sau khi Hoàn công xưng bá chư hầu, Quản Trọng thực thi chính sách cải cách chú trọng nông, công, thương nghiệp. Còn nước Lỗ láng giềng vẫn lấp lánh vầng hào quang của Chu công Đán, biết bao học trò liệt quốc chẳng nề lặn lội dặm trường chỉ mong có dịp học hỏi các bậc hiền tài cửa Khổng. Song, cả thiên hạ đã loạn lạc, liệu hai nước lớn ấy còn có thể bình yên? Hành trình từ Tề sang Lỗ gian nan trùng trùng, Thập làm sao biến nguy thành an? Dẫu đã cùng người thương hẹn thề sinh từ, trước những trở ngại ngày càng ác liệt về thân phận và sứ mệnh gia tộc, cô phải một mình đưa ra quyết định thế nào?Thông tin tác giảVăn Giản Tửkhi viết Trúc thư dao, cô đang sống ở nước ngoài, và đã dành bảy năm để hoàn thành câu chuyện thời Xuân Thu này. Các nhân vật, sự kiện, đồ vật.. miêu tả trong sách được khảo cứu kỹ càng, phù hợp với tư liệu lịch sử.",Tố Hinh,696
Quy Luật,https://nhasachphuongnam.com/images/thumbnails/900/900/detailed/247/quy-luat.jpg,Van hoc duong dai,Connie Palmen,NXB Văn Học,"139,000 đ","Marie, một nữ sinh viên triết trẻ tuổi, đã dành ra bảy năm chủ động tương tác quan hệ với bảy người đàn ông khác nhau, đều là những trí thức có danh vị, với dự định học cách sống. Cô hy vọng thông qua đó sẽ tìm thấy các câu trả lời cho những câu hỏi của cuộc đời mình. Bởi cô đã luôn tin rằng luật và lệ của cuộc đời là do dàn ông tạo ra, những người đàn ông quyền lực, và giờ cô muốn tìm hiểu kỹ. Cô đi tới kết luận rằng những người đàn ông này biết rất nhiều về thế giới nhưng biết rất ít về chính bản thân mình, rằng bọn họ cũng chỉ cố giữ đầu mình ở trên mặt nước cho khỏi chết chìm...“Cuốn sách bùng nổ những ý tưởng về triết học và văn chương, về tình yêu và khát vọng, về đàn ông và đàn bà. Một tiểu thuyết đầu tay ấn tượng."" – HUMO“Một cuốn sách nghiêm túc, giàu ý tưởng, và một cuộc kiếm tìm sự thật và hạnh phúc khiến tim ta xao động. Trên hết, đây là một cuốn sách hài hước, sắc sảo trong quan sát, súc tích về phong cách, và tao nhã thanh thoát trong các luận điểm tranh cãi. Một tác phẩm đầu tay khiến người ta ghen tị.” – KUNST EN KULTUURThông tin tác giảCONNIE PALMEN sinh năm 1955. Bà sống tại Hà Lan, theo học văn chương và triết học tại đây. Quy luật là tiểu thuyết đầu tay của bà, bán được trên 400,000 bản một năm và được tái bản vô số lần. Quy luật cũng được Giải thưởng Văn học Quốc tế Dublin để cử vào vòng trong cho danh hiệu Cuốn sách châu Âu của năm vào năm 1996",Võ Thị Kim Nga,304
Vùng Đất Quỷ Tha Ma Bắt,https://nhasachphuongnam.com/images/thumbnails/900/900/detailed/247/vung-dat-quy-tha-ma-bat.jpg,Van hoc duong dai,Kevin Chen,NXB Hà Nội,"168,000 đ","Quê hương là một vùng đất nhỏ...Vùng đất nhỏ, chính là vùng đất quỷ tha ma bắt của gã.Câu chuyện bắt đầu vào một ngày rằm tháng Bảy, tại một cùng quê nghèo miền Trung đảo Đài Loan. Sau khi mãn hạn tù vì tội giết người bạn đời đồng tính ở Đức, Trần Thiên Hoành trở về quê cũ. Cha mẹ chị cả chị hai chị ba chị tư chị năm anh trai và chính gã - thanh niên nhà họ Trần lần lượt sắm vai người kể chuyện xuyên không - thời gian, dệt nên một mạng lưới đầy mê hoặc về những bí mật gia đình và những tư tưởng mê tín ở nông thôn, phơi bày nỗi bất hạnh vụn vỡ muôn màu muôn vẻ.Kevin Chen đã dung hòa rất nhiều phong cách viết: hiện thực huyền ảo, hài kịch đen và cả bí ẩn giật gân... phác họa ra những phận đời vừa đáng buồn vừa đáng yêu trong hành trình tìm kiếm danh tính của bản thân.Thông tin tác giảKEVIN CHEN(Trần Tư Hoành) sinh năm 1976 tại ngõ Bát Đức xã Vĩnh Tĩnh huyện Chương Hóa, Đài Loan. Là con thứ chín trong gia đình thuần nông.Tốt nghiệp khoa tiếng Anh Đại học Công giáo Phụ Nhân, Viện Hý kịch Đại học Quốc gia Đài Loan, từng đoạt hạng nhất truyện ngắn giải văn học Lâm Vinh Tam, giải tiểu thuyết của năm Cửu Ca, giải Kim Đỉnh lần thứ 44.Là nhà văn, có lúc cũng là diễn viên, dịch giả, hiện đang là cư trú tại Berlin, Đức.Vùng đất quỷ tha ma bắtlà cuốn tiểu thuyết mở đầu ""bộ ba tác phẩm Mùa hè"" của Kevin Chen, năm 2020 từng vinh dự đoạt hai giải thưởng văn học danh giá của Đài Loan gồm giải Kim Điền (thuộc Viện Văn học quốc gia) và giải Kim Đỉnh (thuộc Bộ Văn hóa)",Nguyễn Vinh Chi,413
Hành Trình Trở Thành Nhà Thám Hiểm Của Chàng Lính Đánh Thuê Bần Hàn - Tập 3,https://nhasachphuongnam.com/images/thumbnails/900/900/detailed/247/hanh-trinh-tro-thanh-nha-tham-hiem-cua-chang-linh-danh-thue-ban-han-tap-3.jpg,Van hoc duong dai,Mine,NXB Thế Giới,"139,000 đ","Tình huống không ngờ tại mê cung - nơi tiến hành nhiệm vụ!Loren và Lapis đã nắm được thông tin về một bộ phận cơ thể của Lapis mà cô đang tìm kiếm nên đã nhận nhiệm vụ đồng hành cùng học viên trong kỳ thi tốt nghiệp của Trường huấn luyện nhà thám hiểm Volf. Hai người cũng gặp lại nhóm Klaas - những người từng tốt nghiệp từ ngôi trường đó. Sau đó, họ đến ngôi trường và bắt đầu đi vào mê cung cùng với các học viên. Kỳ lạ thay, không hề có con quái vật nào chờ bọn họ ở mê cung...Đây chính là câu chuyện phiêu lưu của chàng lính đánh thuê cừ khôi, người mới chuyển nghề thành ""tấm chiếu mới"" trong giới nhà thám hiểm.",Kam tròn,392
Lãnh Chúa Vùng Đất Không Cư Dân - Tập 2: Lời Cầu Nguyện Của Cặp Song Sinh,https://nhasachphuongnam.com/images/thumbnails/900/900/detailed/247/lanh-chua-vung-dat-khong-cu-dan-tap-2.jpg,Van hoc duong dai,Fuurou,NXB Dân Trí,"139,000 đ","""Anh hùng cứu quốc"" Diaz được đức vua ban cho lãnh địa. Nhìn vùng thảo nguyên mênh mông trước mắt, vị lãnh chúa non trẻ này không biết phải bắt đầu thế nào.Tuy nhiên, Diaz đã tiến một bước lớn nhờ việc thành lập ""Làng Iruku"" cùng với Arner - thiếu nữ á nhân bất ngờ xuất hiện trước mắt anh ấy, người đồng đội cũ cùng những người từng nghe đến danh tiếng của anh.Sau đó, những thế lực không muốn Diaz thành công bắt đầu ra tay để hạ gục anh, dẫn tới một trận chiến liên lụy đến cả lãnh địa lân cận...!Cùng với sự giúp đỡ của dân làng, anh ta sẽ làm thế nào để vượt qua khó khăn này...!?",Thu,392
Hình Tượng Của Đối Phương Không Ổn Lắm - Tập 1,https://nhasachphuongnam.com/images/thumbnails/900/900/detailed/247/hinh-tuong-cua-doi-phuong-khong-on-lam-tap-1.jpg,Van hoc duong dai,Trần Ẩn,NXB Hà Nội,"175,000 đ","Cố Lễ Châu là một nhà văn thành danh từ khi còn học đại học, nhưng do một lần bị hãm hại nên đã rửa tay gác bút nhiều năm.Ở cái tuổi mà ai cũng nghĩ anh ta sẽ là một người trầm tĩnh ấm áp, luôn mang đến những điều hay lẽ phải cho cuộc đời... thì thật ra anh ta mới là người cần cuộc đời này dạy điều hay lẽ phải.Chung Vị Thời là một diễn viên đóng thế nhỏ bé. Đã từng diễn qua đủ loại vai diễn từ thái giám đến tử thi... Và dĩ nhiên là độ nổi tiếng vẫn ở mức âm.Tư duy sóng não của cậu thì có ""hơi"" lệch so với người bình thường, sở hữu chiếc mỏ hỗn nói ba câu sẽ chửi thề năm câu...Lần đầu hai người họ tình cờ gặp mặt, Chung Vị Thời đã nghĩ Cố Lễ Châu chắc chắn là một thằng cha đẹp mã được mấy bà cô nhiều tiền bao nuôi. Còn Cố Lễ Châu lại nghĩ Chung Vị Thời là một thằng điên vừa mới trốn trại ra ngoài...Nói chung là... hình tượng của đối phương đều không được ổn cho lắm...Cố Lễ Châu là một nhà văn thành danh từ khi còn học đại học, nhưng do một lần bị hãm hại nên đã rửa tay gác bút nhiều năm.Ở cái tuổi mà ai cũng nghĩ anh ta sẽ là một người trầm tĩnh ấm áp, luôn mang đến những điều hay lẽ phải cho cuộc đời... thì thật ra anh ta mới là người cần cuộc đời này dạy điều hay lẽ phải.Chung Vị Thời là một diễn viên đóng thế nhỏ bé. Đã từng diễn qua đủ loại vai diễn từ thái giám đến tử thi... Và dĩ nhiên là độ nổi tiếng vẫn ở mức âm.Tư duy sóng não của cậu thì có ""hơi"" lệch so với người bình thường, sở hữu chiếc mỏ hỗn nói ba câu sẽ chửi thề năm câu...Lần đầu hai người họ tình cờ gặp mặt, Chung Vị Thời đã nghĩ Cố Lễ Châu chắc chắn là một thằng cha đẹp mã được mấy bà cô nhiều tiền bao nuôi. Còn Cố Lễ Châu lại nghĩ Chung Vị Thời là một thằng điên vừa mới trốn trại ra ngoài...Nói chung là... hình tượng của đối phương đều không được ổn cho lắm...",,448
Triêu Du - Tập 1,https://nhasachphuongnam.com/images/thumbnails/900/900/detailed/247/trieu-du-tap-1.jpg,Van hoc duong dai,Mộc Qua Hoàng,NXB Hà Nội,"169,000 đ","So với việc phấn đấu trở thành học sinh giỏi toàn diện, thì xem ra nỗ lực giành lấy ngôi vị “hạng nhất từ dưới đếm lên” của trường Trung học số Hai Lập Dương còn vất vả hơn nhiều!Một Tạ Du với bề ngoài kiêu ngạo khó gần, thành tích bết bát, bị đồn phải gian lận thi cử mới đỗ vào cấp Ba vốn có điểm số cực kỳ xuất sắc. Vì nguyên nhân nào đó, Tạ Du đã đóng giả làm học sinh yếu kém, trong giờ hết nằm bò ra bàn ngủ lại chơi game. Đến đêm khi chỉ còn một mình trong phòng, cậu mới điên cuồng lao đầu làm bài tập.Thế nhưng Tạ Du tự dìm năng lực của mình xuống đến mức nào thì vị trí dốt nhất trường vẫn rơi vào tay một đại ca tiếng xấu vang xa khác - Hạ Triêu.Lên lớp 11, sau khi bất đắc dĩ trở thành bạn cùng bàn với Hạ Triêu, Tạ Du mới nhận ra rằng trình độ giả vờ của mình so với thế giới học sinh dốt “hàng thật giá thật” còn kém xa tít mù tắp. Từ đây, những câu chuyện về cuộc sống học đường liên tiếp được mở ra, từ trốn tiết, cúp học, thấp thỏm giở phao trong giờ kiểm tra, cho tới việc tham gia đại hội thể thao của trường...Khi đã trở nên thân thiết hơn, Tạ Du dần nhận ra rằng Hạ Triêu cũng đang che giấu một điều gì đó. Rốt cuộc ẩn tình bên trong câu chuyện của hai người là gì, chúng ta hãy cùng chờ xem nhé!",Rong,412
Tôi Thích Cậu Từ Rất Lâu Rồi,https://nhasachphuongnam.com/images/thumbnails/900/900/detailed/247/toi-thich-cau-tu-rat-lau-roi.jpg,Van hoc duong dai,Tương Tử Bối,NXB Dân Trí,"149,000 đ","Phê Chuẩn: Bạn fan nhỏ.Bùi Nhiên: Em đây.Nghiêm Chuẩn cũng không biết mình muốn nói gì. Anh vốn không giỏi tán gẫu, chỉ là nhớ cậu nên muốn gặp cậu mà thôi. Chốc lát sau, anh mới gõ một câu khô khốc: Chỗ anh có tuyết rơi rồi.Tin nhắn còn chưa kịp gửi đi thì điện thoại đã rung lên.Bùi Nhiên: [Hình ảnh] Hôm nay có tuyết rơi rồi.Nghiêm Chuẩn mở bức ảnh chụp cảnh tuyết đó xem một hồi rồi lưu về máy.Phê Chuẩn: Ừm, chỗ anh cũng thế.Phê Chuẩn: Thầy Bùi, anh nhớ em.",Ngọc Thiên,408
Vợ Trong Game Của Tôi Là Idol Nổi Tiếng Ngoài Đời - Tập 2,https://nhasachphuongnam.com/images/thumbnails/900/900/detailed/247/vo-trong-game-cua-toi-la-idol-noi-tieng-ngoai-doi-tap-2.jpg,Van hoc duong dai,Abone,NXB Dân Trí,"126,000 đ","Để đáp lại tình cảm toàn tâm toàn ý của Mizuki Rinka, tôi, Ayanokouji Kazuto, đã trở thành người yêu của cô ấy. Tuy nhiên, là một idol nổi tiếng, cô ấy vô cùng bận rộn. Khi những ngày mà chúng tôi chỉ có thể gặp nhau trên mạng tiếp tục kéo dài, Rinka đột nhiên đến ngủ lại nhà tôi!?Sau đó, những hành động và suy nghĩ như một người vợ của Rinka vẫn không dừng lại.“Kazuto, hay cậu đến nhà tớ ở đi! Để cậu sống thế này tớ thấy không yên tâm.”Vì lý do nào đó, tôi sẽ sống ở nhà Rinka trong suốt kỳ nghỉ hè!?Hơn nữa, Rinka còn đang cố chiều chuộng tôi bằng mọi cách…Tập thứ hai được mong chờ của câu chuyện tình thanh xuân hài hước sẽ khiến bạn bất ngờ và thích thú!Trích dẫn trong sách:“Nơi nào có tớ thì đó sẽ là nơi để Kazuto trở về.”“…”“Bất cứ khi nào cậu cảm thấy cô đơn, hãy nhớ đến vợ của mình nhé.”",Ngân Nhi,316
"Diệt Slime Suốt 300 Năm, Tôi Levelmax Lúc Nào Chẳng Hay (Tập 12)",https://nhasachphuongnam.com/images/thumbnails/900/900/detailed/247/diet-slime-suot-300-nam-toi-level-mã-luc-nao-chang-hay-tap-12.jpg,Van hoc duong dai,Morita Kisetsu,NXB Thế Giới,"149,000 đ","Diệt slime suốt 300 năm, cuối cùng thì tôi cũng gặp được UFO rồi!?Nhưng nghĩ lại, tôi vẫn nhìn thấy các hồn ma mỗi ngày đó thôi, vậy nên cũng không có gì đặc biệt cho lắm. Thế nhưng vẫn thật tuyệt vời khi được thấy những cô con gái yêu của mình náo động vì chuyện đó. Và đúng như dự đoán, chân tướng thực sự của chiếc UFO này chính là…!Bên cạnh đó, trong tập này, tôi cũng sẽ tạo ra các món ăn mới từ gạo, đi tham quan các địa điểm tâm linh cùng các ác linh, và còn ra khơi tìm bạn của Slime Thông thái nữa.Cuối truyện sẽ là trận chiến trường học đầy hỗn loạn của Raika trong ngoại truyện “Học viện Nữ sinh Rồng Đỏ”!",Mai,408
Sa Đọa,https://nhasachphuongnam.com/images/thumbnails/900/900/detailed/247/sa-doa.jpg,Van hoc duong dai,David Baldacci,NXB Văn Học,"220,000 đ","Sau một tai nạn trên sân bóng bầu dục, Amos Decker đã thay đổi mãi mãi. Cú chấn thương vào đầu đã khiến anh có một trí nhớ hoàn hảo và hội chứng cảm giác kèm – cảm nhận được màu sắc khi liên tưởng đến những sự vật, sự việc khác nhau. Sau khi bình phục, Decker quyết định từ giã sự nghiệp trên sân cỏ và cống hiến tài nghệ cho việc truy bắt tội phạm trước hết trong vai trò thanh tra cảnh sát và sau này là đặc vụ FBI. Amos Decker cùng với cộng sự của mình, Alex Jamison, tham gia điều tra các vụ án hóc búa mà lực lượng cảnh sát phải bó tay không tìm ra lời giải đáp.Bối cảnh của cuốn sách tiếp theo trong loạt tiểu thuyết “Ký Ức Vĩnh Cửu” diễn ra tại một thị trấn đang trên đà xuống dốc: kinh tế suy thoái và tình trạng nghiện ngập tràn lan. Decker đến nơi này để thăm gia đình chị gái của Jamison trong chuyến nghỉ phép. Trong vòng chưa đầy nửa ngày ở đây, anh và Jamison đã phát hiện ra hiện trường án mạng đầy ám ảnh: hai người bị sát hại dã man trong căn nhà bỏ hoang kế cạnh.Chưa dừng lại ở đó, một loạt các vụ án mạng liên tiếp xảy ra và đã liên đới đến bản thân Decker và những người xung quanh. Khi biết rằng tính mạng của những người thân thuộc đang ở trong tình thế ngàn cân treo sợi tóc, anh bắt đầu nhận ra loạt vụ án mạng gần đây chỉ là một phần nhỏ của một âm mưu quy mô hơn nhiều – một âm mưu có tầm ảnh hưởng ra cả bên ngoài thị trấn nhỏ bé này.",Đinh Trọng Nhân,559
Hung Hiểm,https://nhasachphuongnam.com/images/detailed/247/hung-hiem.jpg,Van hoc duong dai,David Baldacci,NXB Văn Học,"280,000 đ","Chàng cựu cầu thủ bóng bầu dục kiêm thám tử tài ba với trí nhớ siêu phàm - Amos Decker - đã tái xuất cùng những vụ án rợn gáy và những âm mưu thâm sâu khó lường. Lần này, anh cùng cô đồng nghiệp FBI - Alex Jamison -  nhận lệnh tới phá án tại London, North Dakota, nơi kinh tế đang phất lên nhờ khoan cắt thủy lực nhưng chính sự phát triển phi mã ấy cũng kéo theo hàng loạt hệ lụy bao gồm mại dâm, ma túy, đánh lộn và cả án mạng. Một nạn nhân không có quá khứ trong một thị trấn đầy rẫy bí mật với những chủ doanh nghiệp tàn nhẫn, một giáo phái khép kín và cả một cơ sở quân sự ám muội. Bị đẩy vào hàng loạt những tình thế hung hiểm, ngàn cân treo sợi tóc, Decker sẽ cần vận đến trí nhớ phi thường và kỹ năng thám tử điêu luyện của mình cùng sự giúp đỡ của một đồng minh bất ngờ, cộng thêm một chút may mắn để truy quét tận gốc tên sát nhân và có thể là cả các thế lực hùng mạnh đứng sau.VớiHung Hiểm, một lần nữa, David Baldacci lại củng cố vị thế tác giả bán sách chạy số 1 toàn cầu của mình không phải chỉ là hữu danh vô thực. Những sự kiện căng thẳng dồn dập nối tiếp, những cú xoay chuyển tình huống đầy bất ngờ, vô phương đoán định cùng khả năng phân tích sâu sắc tâm lý nhân vật đã làm nên phong cách của riêng ông vẫn được tiếp nối trong tác phẩm này, chứng minh tài dẫn chuyện đầy mê hoặc của một cây bút bậc thầy đang ở đỉnh cao sự nghiệp.",Lê Đình Chi,551
Chuộc Tội,https://nhasachphuongnam.com/images/detailed/247/chuoc-toi.jpg,Van hoc duong dai,David Baldacci,NXB Văn Học,"280,000 đ","TrongChuộc Tội, Amos Decker cùng với Alex Jamison trở về  Burlington, Ohio, quê nhà của Decker.Trong lúc đang thăm gia đình mình, bỗng dưng có một người đàn ông lạ mặt tìm đến anh. Hóa ra ông ta là Meryl Hawkins, tội phạm giết người đầu tiên bị anh tống giam khi vừa mới được thăng chức thanh tra điều tra án mạng. Đã mười ba năm rồi kể từ ngày bị anh tống vào tù, Hawkins nay đã mắc bệnh ung thư và cũng không còn sống được bao lâu nữa. Thế nhưng ông ta tìm đến Decker để nhờ anh thực hiện di nguyện cuối đời: Trả lại sự trong sạch cho thanh danh của ông .Liệu có phải Decker đã mắc sai lầm trong khi điều tra vụ án mạng đầu tiên trong sự nghiệp của mình? Meryl có thật sự vô tội như lời ông ấy khẳng định không? Hay là còn có uẩn khúc gì khác?Nếu vậy, có thể thủ phạm thật sự vẫn còn đang nhởn nhơ ngoài vòng pháp luật.Trong suốt quá trình điều tra vụ án đã nguội lạnh từ lâu này, Decker cùng người cựu cộng sự Mary Lancaster dần phát hiện ra đây không chỉ là một vụ án thông thường, ẩn giấu bên dưới là một tội ác to lớn, một âm mưu phủ bóng đen lên cả những nơi không ngờ tới nhất.",Quách Cẩm Phương,568
Cạm Bẫy,https://nhasachphuongnam.com/images/thumbnails/900/900/detailed/247/cam-bay.jpg,Van hoc duong dai,David Baldacci,NXB Hồng Đức,"220,000 đ","Một vụ giết người và tự sát xảy ra giữa thanh thiên bạch nhật, ngay trước thềm của trụ sở FBI - nơi lẽ ra phải an toàn nhất trần đời. Amos Decker - đặc vụ FBI với trí nhớ siêu việt cũng như khả năng thám tử đại tài và các đồng đội dường như gặp bế tắc trong việc tìm ra mối quan hệ giữa kẻ nổ súng - một doanh nhân thành đạt và nạn nhân - một giáo viên dạy thay. Việc xác định động cơ gây án cũng gặp muôn vàn trắc trở. Liệu tất cả là do tình cờ hay có một âm mưu to lớn nào đó đằng sau?Vụ án rẽ hướng khi DIA - Cơ quan Tình báo Quốc phòng vào cuộc và thông báo đây có thể trở thành vấn đề an ninh quốc gia, nếu không phá án sớm, nước Mỹ sẽ phải đối mặt với tổn thất lớn lao hơn cả vụ ngày 11 tháng 9. Tất cả mọi thông tin vụ án đều là tuyệt mật, nhưng Decker lại chưa được cấp quyền miễn trừ an ninh nên anh và đồng đội bị buộc phải rút khỏi cuộc điều tra. Với những khó khăn trở ngại từ cả trong lẫn ngoài, Decker sẽ phải đối mặt như thế nào đây? Ngoan ngoãn rút lui hay tiếp tục điều tra? Hẳn nhiên, Decker chọn vế thứ hai bởi anh cũng đâu phải người thích tuân theo luật lệ. Với anh, chỉ có một mục tiêu duy nhất đó là tìm ra sự thật.Hấp dẫn từ dòng đầu tiên đến tận con chữ cuối cùng, bằng tài kể chuyện của mình, David Baldacci đã dẫn người đọc đi trong mê cung của những bí mật, dối trá và âm mưu với những khúc ngoặt 180° tới một cái kết bất ngờ khó ai có thể đoán trước được. Có thể nóiCạm bẫylà một tác phẩm hoàn hảo để thỏa mãn trí tò mò bẩm sinh và niềm yêu thích những yếu tố giật gân của những người đam mê truyện trinh thám.",,560
Có Một Mùa Hè,https://nhasachphuongnam.com/images/detailed/247/co-mot-mua-he.jpg,Van hoc duong dai,David Baldacci,NXB Văn Học,"249,000 đ","Giản dị mà tinh tế, nhẹ nhàng mà sâu sắc, Có Một Mùa Hè là một áng văn ngọt ngào êm dịu, lay động lòng người về tình cảm gia đình - sợi dây gắn kết linh thiêng và bền chặt nhất thế gian này. Qua những trang sách thấm đẫm triết lý nhưng chan chứa yêu thương, độc giả sẽ theo chân Jack - một cựu binh mắc bệnh nan y vượt qua muôn vàn thăng trầm lẫn vô số thử thách để hàn gắn lại gia đình đang ly tán và dần trở nên xa cách của mình. Để rồi, kết lại bằng một thông điệp chân; phương nhưng chẳng bao giờ lỗi thời: ""Những giây phút trân quý cuối đời chính là khi bạn còn được sống trong tình yêu thương và sự đùm bọc của gia đình. Bởi vậy, hãy dành thời gian cho người thân của mình trước khi quá muộn.""",Nguyễn Thanh Nhàn,366
Bình Yên Nhé,https://nhasachphuongnam.com/images/detailed/247/binh-yen-nhe.jpg,Van hoc duong dai,David Baldacci,NXB Văn Học,"280,000 đ","Cô bé Lou đang có một cuộc sống yên ấm tại New York phồn hoa cùng gia đình. Thế nhưng bi kịch ập đến. Cô bé mười hai tuổi cùng em trai Oz và người mẹ không biết khi nào mới tỉnh lại, phải chuyển về trang trại ở vùng núi Virginia, nương tựa người thân duy nhất còn lại của họ, bà Louisa Mae Cardinal.Lou như bị ngợp trước khung cảnh thiên nhiên hùng vĩ, nhưng cô bé đã mau chóng thích nghi trước môi trường sống mới mẻ. Hai chị em kết bạn với cậu bé Diamond và lũ trẻ đã có những chuyến phiêu lưu hài hước nhưng không kém phần nguy hiểm. Tình yêu dành cho trang trại cũng như núi rừng Virginia lớn dần trong lòng cô gái nhỏ, nên khi một thế lực đen tối âm mưu phá hoại cảnh bình yên ấy, cô bé cùng em trai và những người thân yêu đã dũng cảm đứng lên đấu tranh tại phòng xử án, bảo vệ hạnh phúc giản đơn bằng mọi giá.",Mộ Yên,179
Tội Ác Liên Hoàn - Tập 2: Danh Sách Chết,https://nhasachphuongnam.com/images/thumbnails/900/900/detailed/247/toi-ac-lien-hoan-2-danh-sach-chet.jpg,Van hoc duong dai,Thiên Hạ Vô Hầu,NXB Thế Giới,"245,000 đ","Đây là một câu chuyện phục thù và chuộc lỗi. Một tuần sau khi người phụ nữ lầm lỡ Trương Tố Quyên treo cổ tự tử, thì Kim Nhất Minh - Ông chủ của công ty bảo vệ Kim Thuẫn cũng bị hại chết thê thảm ở cùng địa điểm đó. Mọi chứng cứ ở hiện trường đều nhằm vào Trương Khởi Phát - em trai của Trương Tố Quyên, và chỉ một ngày sau đó Trương Khởi Phát đã nhảy lầu. Hai người báo án là Lý Danh, Lý Lượng và ông chủ của họ - Lâm Đại Chí cũng lại chết cùng trong một chiếc xe.Các vụ án mạng kỳ lạ liên tiếp xả ra và liên quan đến nhau, là nguyên nhân kết quả của nhau, giống như những quân bài đô mi nô, chỉ cần một quân bài đổ là lập tức gây lên hiệu ứng cánh bướm. Cảnh sát Tần Hướng Dương cũng bị '' thiết kế'' để đưa vào trong ván bài đó. Anh sẽ đối phó như thế nào trước cục diện hết sức phức tạp và bí ẩn ấy? Ông chủ lớn cuối cùng của ván bài đó là ai? Và sau rốt, họ sẽ đối diện ra sao trước thử thách giữa cái thiện và cái ác của nhân tính?",,599
Nhân Sinh Kép - Sống Hai Cuộc Đời,https://nhasachphuongnam.com/images/thumbnails/900/900/detailed/246/nhan-sinh-kep.jpg,Van hoc duong dai,Đức Anh,NXB Phụ Nữ,"148,000 đ","“Con người thật ra không là một, mà đúng ra là hai...Tôi tự nhủ rằng nếu mỗi yếu tố có thể trú ngụ trong một nhân dạng riêng thì cuộc sống sẽ nhẹ đi được hết mọi nỗi khôn kham.”– Robert Louis-Stevenson, Bác sĩ Jekyll và ông Hyde.“Con làm kẻ thứ bagiữa tâm hồn bất anvà thể xác bất toàn”– Trương Đăng DungBạn sẽ thế nào nếu sở hữu thêm một nhân mạng nữa?Nhân Sinh Kép - Sống Hai Cuộc Đờilà câu chuyện giả tưởng về những con người có hai thân xác, dùng chung một linh hồn, tức “người hai xác”. Họ cùng lúc sống trong hai thân xác ấy, với một cơ chế sống riêng biệt, thú vị, khác hẳn những người bình thường.Kiên và Vũ là một “cặp” như thế. Dù sống cùng lúc ở hai miền, nói hai giọng, nhưng họ CHỈ LÀ MỘT người. Nhưng một ngày nọ, “tôi” đã lựa chọn sống thể xác của Kiên - một thể xác ưu việt hơn, có điều kiện may mắn hơn.Thế nhưng trong lúc để mặc cho Vũ sống đời bản năng, Kiên bàng hoàng nhận tin sinh thể kia của mình đã bị sát hại sau một vụ xô xát đáng ngờ. Vũ bỏ lại gia cảnh khốn khó cho người vợ trẻ và đứa con, với một món nợ lớn.Tại sao Vũ bị giết? Kiên sẽ né tránh hay chịu trách nhiệm cho phần đời còn lại của Vũ - sinh thể thứ hai của mình?Nhưng chưa dừng lại ở đó, Kiên khám phá ra rằng anh không phải là người duy nhất có cuộc đời lạ lùng như vậy. Những bí ẩn lớp lang được mở ra trong mối quan hệ chồng chéo nhưng bất ngờ giữa các nhân vật.Chào mừng đến với thế giới của những “nhân sinh kép” - những kẻ sống hai cuộc đời. Một tác phẩm hòa trộn khéo léo giữa giả tưởng và trinh thám, với một ý tưởng mạnh mẽ, giọng văn sinh động, đưa ra cái nhìn độc đáo về cách vận hành của thế gian và trách nhiệm của mỗi người với vai trò một cá thể. Đồng thời, tác phẩm là bước tiến trong phong cách kể chuyện đặc trưng của tác giả Đảo bạo bệnh và Thiên thần mù sương.""Trong tuổi trẻ, thường có những khoảnh khắc tình cờ nào đó mà một ý nghĩ bỗng nhiên thòng vào tâm trí ta, mắc rất lâu trong khe tiềm thức, để rồi sau này kín đáo thao túng. Không phải vì ta tin cái ý nghĩ đó, mà là vì không có ý tưởng nào sắc bén hơn, và cũng không đủ trí lực để nạy nó lên mà phản biện."" (Nhà văn Đức Anh)------""Bất ngờ, kịch tính, đầy tính giải trí nhưng đặt ra những vấn đề không nhỏ của con người, “Nhân sinh kép” mang đến một ngày đọc sách tuyệt vời bên hiên nhà yên tĩnh."" - Nhà báo Phan Đăng""Một trong không nhiều những tác phẩm dám chỉ ra rằng: con người vốn phải chịu thế đứng mắc kẹt giữa linh hồn và thể xác."" - Trương Đăng Dung",,267
Tây Sơn Phụng Thần Ký,https://nhasachphuongnam.com/images/thumbnails/900/900/detailed/246/tay-son-phung-than-ky.jpg,Van hoc duong dai,Thành Châu,NXB Phụ Nữ,"135,000 đ","Đàng Trong năm 1765, chúa Nguyễn Phúc Khoát mất, vương tử lớn nhất là Nguyễn Phúc Luân theo lẽ được lập làm chúa. Ấy vậy mà quyền thần Trương Phúc Loan nổi lên những dã tâm cuồng bá, một tay đổi trắng thay đen, đưa vương tử Nguyễn Phúc Thuần mới chỉ là đứa trẻ mười hai tuổi lên nối ngôi, mang thứ tâm cơ độc tàn làm xáo trộn dòng dõi nhà chúa, để rồi tự thân hắn bán quan, buôn tước, đầy đọa cuộc sống nhân dân đến khốn cùng…Từ ấp Tây Sơn, phủ Quy Nhơn (Bình Định), ba anh em Nguyễn Nhạc, Nguyễn Huệ, Nguyễn Lữ quy tụ dân chúng đứng lên, dần kết thành nghĩa quân “lấy của nhà giàu chia cho dân nghèo”, thế ngày càng mạnh, xung khí tựa như sớm có ngày tung trời nổ đất, càn quét hết nào những quý tộc, quan lại đang “sâu bọ”, chà đạp lên con dân đất Việt…Xứ Bắc Hà, Lê – Trịnh mục nát, vậy mà ý chí nam chinh vẫn cuồn cuộn.Đàng Trong – Ngoài chưa một lần hòa hợp. Suy cho cùng, đứng giữa là dân, khổ nhất cũng là dân…Giữa những hùng khí tứ phương, giữa đất trời vần vũ như báo hiệu cảnh binh đao trường kì bỗng nổi lên câu sấm rằng:“Chớp đông nhay nháyPhụng thần tái sinhTro khói mịt mùngRường cột chao đảoBinh đao rợp trờiĐầu rơi máu chảyẢi Nam nghiêngCõi Bắc lậtRồng đọaHổ nhàoCành non đổ xuốngGốc già mọc lê”Số mệnh đã lựa chọn, cuộc đời người con gái mang thân phận Phụng thần là Bùi Thị Xuân không còn có thể như trước. Mang nỗi thù gia quyến bị tàn sát, căm phẫn trước cảnh mạng người rẻ rúm trong thời thế hỗn loạn, nàng buộc kiên cường mà rèn võ, gửi thời xuân thì trên tấm giáp xông trận giết giặc, từng bước, từng bước tiến gần tới bí mật u tối mà ẩn khuất của triều đình đã tàn bại của Đàng Trong, những thật giả, chính tà của cảnh nồi da xáo thịt như kéo dài đằng đẵng… Từ tìm cách sống sót đến chiến đấu vì người khác, Bùi Thị Xuân nàng vẫn luôn một mình với song đao, điều khiển quân ngũ, mưu trí anh dũng trên sa trường, từng bước trở thành nữ tướng, nữ đô đốc uy dũng của triều Tây Sơn, trung thành với lí tưởng về một đất nước thái bình, thịnh thế, nguyện dâng hiến thân mình vì dân.Dựng lên câu chuyện về Phụng thần, mà khởi đầu là bài sấm truyền nửa thực nửa hư, như để ngụy biện cho một triều đình chúa Nguyễn đã chẳng còn nắm quyền lực thực sự,Tây Sơn Phụng Thần Kýkhắc họa cuộc đời của nữ tướng Bùi Thị Xuân từ khi còn nhỏ tới thời kì danh tiếng nữ tướng mà chỉ nghe đến thôi đã khiến giặc trong ngoài đều kinh hồn bạt vía với chiến thắng trận Ngọc Hồi – Đống Đa, cũng là trận đánh mang hào khí cực thịnh của vua Quang Trung – Nguyễn Huệ, của triều đại uy mãnh Tây Sơn. Song song với đó là quãng dài binh biến của đất nước với các thế lực lớn bé giằng xé nhau, những tham vọng chính trị, quyền vua, thế chúa trong suốt hơn ba mươi năm.Xen kẽ câu chuyện về Bùi Thị Xuân còn là cuộc đời của Nguyễn Phúc Dương, ngặt vì mang thân phận con cháu đế vương mà bị cuốn vào vòng xoáy quyền lực đến mất đi tâm tính, của ba anh em Tây Sơn với những tầm nhìn khác nhau về nền thái bình dân tộc hay của An Nam quốc vương Lê Duy Khiêm (Lê Chiêu Thống) mờ mắt và tàn bại trong hận thù chồng chất của vương tộc. Giữa cảnh hỗn mang tro tàn, tương lai “thái thịnh dân an” phải đổi bằng huyết tẩy sơn hà, Bùi Thị Xuân nàng khi xuống đao vô tình với ngàn giặc hùm, cũng có khi trĩu nặng nỗi đau, ám ảnh mãi những giao tình chẳng thể cứu vãn, đành mặc thế thời nhào nặn, vận mệnh binh đao cứa thêm những vết thương lòng.Dồn nén những sôi sục của thời kì giao tranh Đàng Trong – Đàng Ngoài, không giấu đi chất thô, bạo mà man rợ trong từng trận đánh của nghĩa quân Tây Sơn,Tây Sơn Phụng Thần Kýmang đến sự kết hợp rất hiếm và riêng giữa lịch sử và kiếm hiệp, khi nhân vật Bùi Thị Xuân, dưới ngòi bút của tác giả Thành Châu, trở nên sinh động, chân thực hơn bao giờ hết, khi được bộc lộ những năng lực binh đao phi thường, một bản lĩnh anh hùng và chí hướng không hề thua kém bất cứ đấng nam nhi nào.",,380
Tôi Muốn Tan Làm Đúng Giờ,https://nhasachphuongnam.com/images/thumbnails/900/900/detailed/246/toi-muon-tan-lam-dung-gio.jpg,Van hoc duong dai,Kaeruko Akeno,NXB Văn Học,"185,000 đ","“Thời đó vẫn chưa có luật nghỉ hai ngày cuối tuần, nhưng vào Chủ nhật bố tôi nhất định không làm iệc mà về với gia đình. Lúc bố về thường là vào rạng sáng... Tôi đã rất nhớ bố. Nhưng lúc ở nhà bố tôi luôn mệt mỏi rã rời, và với tình trạng như thế mà ông vẫn phải tới công ty. Tôi ghét cái công ty đã cướp mất bố tôi đi...”TÔI MUỐN TAN LÀM ĐÚNG GIỜlà câu chuyện về một cô gái tên Yui quyết tâm không tăng ca vô tội vạ cho công việc. Làm việc ở môi trường xung quanh toàn những người làm thêm giờ, ngay cả sếp của mình, tất nhiên cô thường xuyên bị gắn mác lười biếng và không cống hiến.Đối mặt với văn hóa công sở độc hại này, Yui đã phải giữ chính kiến của mình và khuyến khích đồng nghiệp thế nào? Cuốn sách không chỉ phơi bày thực tế phũ phàng của nhiều công ty ở Nhật Bản, mà còn khiến bạn đọc định nghĩa lại về quyền lợi của mình, dám đấu tranh để có môi trường làm việc lành mạnh hơn.Năm 2018, tác phẩmTÔI MUỐN TAN LÀM ĐÚNG GIỜđã gây chú ý khi thể hiện được góc nhìn sâu sắc về một thế hệ ủng hộ cải cách môi trường làm việc. Truyện đã được chuyển thể thành phim truyền hình (đài TBS) và tạo tiếng vang lớn.",Nguyễn Kim Hoàng,420
Tiệm Cắt Tóc Trông Về Phía Biển,https://nhasachphuongnam.com/images/thumbnails/900/900/detailed/246/tiem-cat-toc--trong-ve-phia-bien.jpg,Van hoc duong dai,Hiroshi Ogiwara,NXB Phụ Nữ,"158,000 đ","""Con người ta, khi làm một công việc trong suốt thời gian dài, đặc biệt là làm đi làm lại những tác vụ đơn giản, đầu óc được thả lỏng sẽ bắt đầu suy nghĩ, khiến những thứ như kinh doanh, cuộc đời, triết học nhen nhóm trong tư tưởng.Bằng cái đầu chỉ biết hất lên trời mà không còn biết nhìn xuống đất, tôi bắt đầu suy nghĩ... Rằng người ưu tú như tôi đây còn phải làm tiếp tục làm công việc cạo râu, gội đầu cho kẻ khác tới bao giờ nữa? Có lẽ tôi đã không phân biệt được con người mình muốn trở thành với con người thực của mình.Quý khách này, nếu định phát triển sự nghiệp, tôi mong bạn hãy chú ý. Cho dù công ty có lớn tới đâu đi nữa, hãy luôn giữ trong mình sơ tâm. Đó mới là lựa chọn sáng suốt.""(Trích: Tiệm cắt tóc trông về phía biển)Thông tin tác giảHIROSHI OGIWARAsinh năm 1956 ở tỉnh Saitama, tốt nghiệp khoa Kinh tế, Đai học Seijo. Năm 1997, ông cho ra mắt tác phẩm Ororo Hatake de Tsukamaete và giành giải Shosetsu Subaru cho cây viết mới. Năm 2005, ông giành giải Yamamoto Shugoro với tác phẩm Ashita no Kioku. Năm 2014, ông giành giải Yamada Futaro với tác phẩm Nisenshichihyaku no Natsu to Fuyu.",Nguyệt Quế,336
Bồ Công Anh,https://nhasachphuongnam.com/images/thumbnails/900/900/detailed/246/bo-cong-anh.jpg,Van hoc duong dai,Kawabata Yasunari,NXB Thanh Niên,"118,000 đ","Điên trong cõi yêu và yêu trong cõi điên thì có gì khác với nàng Inako, nhân vật trung tâm nhưng không bao giời hiển hiện tự thân trongBồ Công Anh, người mắc chứng nhân thể khuyết thị đã bao lần không nhìn thấy thân thể người yêu dù được anh ôm trong vòng tay.[...]Kawabata đã biến chứng nhân thể khuyết thị đó từ bệnh lí sang triết lí. Nói như người yêu của Inako thì: ""Chứng nhân thể khuyết thị chẳng phải là căn bệnh mà không nhìn thấy phần nào đó của mình, không nhìn thấy phần nào đó của người mình yêu thương, không nhìn thấy phần nào đó của cuộc đời sao?""""Ai mà như em ôi bồ công anhtan trong chiều đông long lanh long lanhgió giục rung mình em ánh sángem rơi từ thiên thanhKhi tiếng chuông chùa ngân ngathiên nữ nghiêng mình bay tán hoabàn tay sinh tử xui em múaem tung mình trong phôi pha.""(Thơ Nhật Chiêu)Hiện lên rõ nét nhất trong tác phẩm là bi cảm nhân sinh.Câu chuyện miên man, buồn bã giữa người mẹ và chàng trai trước cái đẹp bị tổn thương, về một nhân vật không xuất hiện trực tiếp - một cô gái gần như vô hình vô tiếng trong tác phẩm nhưng người đọc cảm được sự tồn tại của cô qua tình yêu của người mẹ, của chàng trai, và qua tiếng chuông chùa cô gióng lên...(Trích lời giới thiệu của nhà nghiên cứu Nhật Chiêu)Thông tin tác giảKAWABATA YASUNARI(1899 – 1972) từ năm 1935 đã hoạt động với tư cách một tác giả kiêm nhà phê bình văn học tràn trề năng lượng. Cho đến khi được xướng tên là chủ nhân giải Nobel văn học năm 1968, Kawabata đã viết nên những tác phẩm nổi tiếng như: Xứ tuyết (1935), Ngàn cánh hạc (1949), Hồ (1954), Những người đẹp ngủ say (1960), Đẹp và buồn (1961) và hơn một trăm truyện ngắn trong lòng bàn tay… Có thể nói, ông đã để lại một di sản đồ sộ không chỉ dành riêng cho văn chương Nhật Bản mà cho cả thế giới.BỒ CÔNG ANH được đánh giá ngang tầm với Hồ, Những người đẹp ngủ say… dù chỉ là một tác phẩm hãy còn dang dở.",An Nhiên,232
Vật Chứa Linh Hồn,https://nhasachphuongnam.com/images/thumbnails/900/900/detailed/246/vat-chua-linh-hon.jpg,Van hoc duong dai,Frances Hardinge,NXB Phụ Nữ,"200,000 đ","Khi thân xác nằm lại, linh hồn trở nên lạc lối và cần nơi ẩn náu.Hằng đêm, Makepeace luôn phải đấu tranh bảo vệ bản thân khỏi những hồn ma tìm cách xâm nhập vào tâm trí mình. Nhưng sau một sự kiện kinh hoàng khiến Makepeace mất cảnh giác, một linh hồn đã chui vào được bên trong cô. Ấy thế mà linh hồn hoang dã, tàn bạo và mạnh mẽ ấy lại chính là thứ duy nhất bảo vệ Makepeace, khi cô chuyển về sống với gia đình giàu có và quyền thế của cha mình – gia tộc Fellmotte.Khi nội chiến nổ ra, đất nước lâm vào loạn lạc; nhận ra bản thân sắp trở thành một con cờ trong tham vọng quyền lực của nhà Fellmotte, Makepeace quyết định thoát thân. Giữa một nước Anh bị giày xéo bởi chiến tranh, Makepeace thấy mình liên tục bị cuốn theo dòng chảy của số phận, từ nông thôn đến thành thị, từ phe này sang phe khác; và trong cuộc trốn chạy miên man không đích đến ấy, cô phải tìm mọi cách để không đánh mất chính mình.Thông tin tác giảFRANCES HARDINGElớn lên trong một ngôi nhà cũ kỹ, đơn độc, rộng thênh thang trên đỉnh đồi xứ Kent. Căn nhà “phần phật rung lên” mỗi khi gió thổi qua ấy đã tạo cảm hứng cho cô viết nên những câu chuyện lạ lùng và kỳ ảo ngay từ thuở thiếu thời. Cô tốt nghiệp đại học Oxford và hiện đang sống tại London.Sách của Frances Hardinge đã phát hành:Cây nói dối (2019)Vật chứa linh bốn (2023)",Nguyễn Thị Hương Thảo,420
Thiên Sứ Nhà Bên - Tập 5.5,https://nhasachphuongnam.com/images/detailed/246/thien-su-nha-ben-tap-5-5.jpg,Van hoc duong dai,Saekisan,NXB Kim Đồng,"95,000 đ","Fujimiya Amane - học sinh cấp ba sống tự lập với lối sinh hoạt cẩu thả, và Shiina Mahiru – hoa khôi của trường với biệt danh “thiên sứ”, dù học cùng trường, đồng thời là hàng xóm cạnh nhà nhau, nhưng giữa họ lại chẳng hề có sự kết nối nào. Cho đến một ngày, cuộc gặp gỡ tình cờ của số phận đã thay đổi cuộc sống của họ mãi mãi. Để ngày hôm nay, Mahiru và Amane được ăn cơm chung một nhà.Đây là tập truyện ngắn khắc họa những khoảnh khắc ngọt ngào trong chuyện tình của chàng trai nhà bên với nàng thiên sứ tuy lạnh lùng nhưng thật đáng yêu, về quá khứ và hiện tại của hai con người đã âm thầm thu hút lẫn nhau ấy.Đó là một chuyện tình êm đềm và chậm rãi…THIÊN SỨ NHÀ BÊNđược xem là cú hit của dòng Light Novel rom-com tại thị trường Nhật Bản, với nội dung hài hước - lãng mạn rất được yêu thích. Tác phẩm nằm top 10 Kono Light novel ga Sugoi năm 2021, đã bán ra 1,5 triệu bản, được chuyển thể thành manga và anime.",Trân Trân,300
Holmes Ở Kyoto - Tập 8,https://nhasachphuongnam.com/images/thumbnails/900/900/detailed/246/holmes-o-kyoto-tap-8.jpg,Van hoc duong dai,Mai Mochizuki,NXB Kim Đồng,"85,000 đ","Aoi đã tốt nghiệp cấp ba, thuận lợi thi đỗ vào Đại học Phủ Kyoto đúng như nguyện vọng. Kiyotaka cũng hoàn thành chương trình cao học, ngỡ rằng quan hệ của hai người cuối cùng cũng đến lúc sang trang… thế mà Kiyotaka lại phải nghe lệnh ông chủ, đi thực tập ở bên ngoài Kyoto để được va vấp xã hội! Nơi thực tập đầu tiên là Bảo tàng nghệ thuật Shokado. Vào ngày nghỉ, Aoi cùng cô bạn cùng khoá Kaori bí mật tới xem tình hình Kiyotaka, nhưng một vụ án không ngờ đang đợi ba người ở đó…!?Tập tám của loạt truyện tạo tiếng vang lớn đã ra lò!HOLMES Ở KYOTOlà bộ tiểu thuyết kì bí nhẹ nhàng cực kì nổi tiếng, không chỉ tạo cơ hội cho độc giả làm quen với những nét đẹp văn hoá của mảnh đất Kyoto mà còn giới thiệu về muôn vàn món cổ vật nổi tiếng ở khắp nơi trên thế giới. Và rồi, mỗi món cổ vật đều cất giữ câu chuyện của riêng mình.",,348
Hạ Phàm,https://nhasachphuongnam.com/images/thumbnails/900/900/detailed/246/ha-pham.jpg,Van hoc duong dai,WALTER TEVIS,NXB Kim Đồng,"95,000 đ","Hạ phàmkể về Thomas Jerome Newton, một người ngoài hành tinh giả dạng con người hạ cánh xuống trái đất. Quê hương của y là hành tinh Anthea gần như đã bị hủy diệt bởi thảm họa hạt nhân. Bỏ lại vợ con cách xa hàng triệu dặm, Newton phải cố gắng hòa nhập vào xã hội loài người xa lạ, chịu đựng đau đớn do môi trường khắc nghiệt, tìm cách chế tạo một phi thuyền khổng lồ nhằm cứu lấy những sinh mạng cuối cùng của dân tộc y.Hạ phàm(tựa gốc:The Man Who Fell to Earth) đã được chuyển thể thành phim điện ảnh năm 1976, có nam ca sĩ huyền thoại David Bowie đóng vai chính, và hai bản phim truyền hình vào các năm 1987 và 2022.""Một thiên khoa học giả tưởng tuyệt đẹp… Kể về một vị khách ngoài không gian nhưng lại nói lên những điều thấm thía về chính chúng ta."" – The New York Times""Câu chuyện đủ thực tế để trở thành phép ẩn dụ cho nỗi cô đơn hiện sinh trong mỗi chúng ta."" – Nhà văn Norman Spinrad""Tevis đã viết với sức mạnh, kịch tính nhưng vẫn đầy chất thơ."" – The Washington Post Book WorldThông tin tác giảTác giả Walter Tevis(1928-1984): Tiểu thuyết gia và nhà viết truyện ngắn nổi tiếng người Mĩ. Ông dành phần lớn cuộc đời giảng dạy tại Đại học Ohio trước khi chuyển đến New York để trở thành nhà văn toàn thời gian. Ba tiểu thuyết của ông được dựng thành phim điện ảnh và đoạt nhiều giải thưởng là Kẻ lừa đảo, Màu tiền và Hạ phàm.Năm 2020, một tiểu thuyết khác của ông là Gambit Hậu được Netflix chuyển thể thành phim truyền hình ăn khách.Các tác phẩm:Kẻ lừa đảo (1959)Chim nhại (1980)Gambit Hậu (1983)Màu tiền (1984)",Thái Vi,251
Chim Nhại,https://nhasachphuongnam.com/images/thumbnails/900/900/detailed/246/chim-nhai.jpg,Van hoc duong dai,WALTER TEVIS,NXB Kim Đồng,"125,000 đ","Thế kỉ 24, trong các đô thị tự động hóa, robot hiện diện khắp nơi, điều hành xã hội theo luật lệ nghiêm ngặt. Bentley - một cá nhân khác biệt giữa thời đại ấy - lần theo dấu vết xã hội loài người đã bị xóa sổ. Anh bí mật xem phim xưa, học chữ để đọc sách, kích hoạt cảm xúc vốn dĩ chỉ hiện diện bên trong con người. Anh bắt đầu cảm nhận được tình yêu. Anh thiết tha gắn bó với một cô gái thông minh táo bạo. Nhưng những điều này lại khiến anh trở thành kẻ phạm luật cần phải giam cầm. Và, hành trình tìm kiếm tự do cùng nhân tính của Bentley - con chim nhại cô độc, khởi đi từ đây.Chim Nhại, tiểu thuyết khoa học viễn tưởng được nhà văn Walter Tevis viết vào đoạn cuối thế kỉ 20, như một hình dung về nhân loại sau ba trăm năm nữa. Thế nhưng không cần đợi lâu như thế, ngày nay, những vấn đề Walter Tevis đặt ra đã manh nha trở thành sự thật. Xét cho cùng, robot chỉ được phát minh từ tình yêu mù quáng đối với công nghệ cho phép tạo ra chúng. Chúng giải phóng con người khỏi lao động vất vả, nhưng với trí thông minh nhân tạo không ngừng hoàn thiện, chúng cũng mang theo nguy cơ hủy diệt nhân tính, hủy diệt loài người.Những quyển sách hay khiến người ta phải suy nghĩ sâu sắc về con người cũng như khả năng tồn tại của họ. Và Chim Nhại là một quyển sách như thế.Thông tin tác giảTác giả Walter Tevis(1928-1984): Tiểu thuyết gia và nhà viết truyện ngắn nổi tiếng người Mĩ. Ông dành phần lớn cuộc đời giảng dạy tại Đại học Ohio trước khi chuyển đến New York để trở thành nhà văn toàn thời gian. Ba tiểu thuyết của ông được dựng thành phim điện ảnh và đoạt nhiều giải thưởng là Kẻ lừa đảo, Màu tiền và Hạ phàm.Năm 2020, một tiểu thuyết khác của ông là Gambit Hậu được Netflix chuyển thể thành phim truyền hình ăn khách.Các tác phẩm:Kẻ lừa đảo (1959)Chim nhại (1980)Gambit Hậu (1983)Màu tiền (1984)",Hoàng Anh,359
Sậy (Tiểu thuyết Thuận),https://nhasachphuongnam.com/images/thumbnails/900/900/detailed/246/say-tieu-thuyet-thuan.jpg,Van hoc duong dai,Thuận,NXB Hội Nhà Văn,"145,000 đ","“Con người chỉ là một cây sậy, mềm yếu nhất trong muôn loài, nhưng đó là một cây sậy biết suy nghĩ...”  - Blaise PascalSậy– cuốn tiểu thuyết thứ 9 của nhà văn Thuận kể về một cô gái là nghiên cứu sinh, xách va-li về nước sau mười năm theo đuổi đam mê văn chương trên đất Pháp, chẳng vì một lý do nào cả. Con đường trở về Sài Gòn của cô tình cờ phơi bày rất nhiều bí mật gia đình: Ba cô, chị cô và cả chính cuộc tình vô vọng của cô.Vài thập kỷ trước, ba cô cũng xách va-li về nước sau nhiều năm du học với lý tưởng xây dựng chủ nghĩa xã hội, xây dựng quê hương mà ông luôn ngóng vọng. Nhưng ông nhanh chóng vỡ mộng để bắt đầu cuộc sống lưu vong trên chính quê hương của mình, bởi những nghi ngờ, tị hiềm, toan tính...Sậyđặt vào trung tâm tiểu thuyết một vài cá nhân vô danh bị cuốn đi trong guồng quay của lịch sử. TrongSậy, Thuận đặt thêm các nghi vấn về niềm tin và cái giá phải trả; về chủ đề tha hương và câu hỏi “Sống thế nào giữa hai nền văn hóa?” vốn thường trực trong các tác phẩm trước đây của cô. Tiểu thuyết này là một dụng công của nhà văn trong việc thể hiện những giằng xé chọn lựa của con người thời toàn cầu hóa với những giá trị truyền thống, những điểm khó hóa giải giữa lịch sử cá nhân và cộng đồng.“Nếu yên tĩnh được người Pháp coi là đức tính ở hàng xóm láng giềng, thì với người Việt lại là thứ dễ gây ác cảm. Ở đây hầu như chẳng ai sợ tiếng ồn. Họ có khả năng ăn, ngủ, học bài, ngâm thơ, chơi đàn và làm tình ngay cạnh loa phóng thanh, karaoke, chợ trời, cửa hàng mài dao kéo và tiếng kèn đám ma. Trở về Việt Nam, đôi tai của ba tôi trở nên rất nhạy, không phải với tiếng động mà với sự im lặng. Bởi vì nếu tiếng động để lộ gần như tất cả tính chất của sự việc thì chỉ có trời mới biết điều gì ẩn sau một sự im lặng.Kẻ nào đó đang bí mật theo dõi, điều tra, ghi chép, làm báo cáo về chúng ta ngay cạnh chúng ta?”(TríchSậy)",,210
Silo - Tháp Giống 1 – Len Chùi,https://nhasachphuongnam.com/images/thumbnails/900/900/detailed/246/silo-thap-giong-1-len-chui.jpg,Van hoc duong dai,Hugh Howey,NXB Hội Nhà Văn,"268,000 đ","Có những sự thật sẽ giết chết ta.Một thế giới hậu tận thế trong tương lai, khô cằn, tàn nhẫn, chết chóc. Ở đó, con người sống cùng nhau, hàng bao thế hệ, trong một tòa tháp đâm sâu vào lòng đất. Khung cảnh bên ngoài chỉ còn là những điểm ảnh, gói gọn trong một màn hình chiếu. Những câu chuyện, ước ao về vùng đất ngoài kia trở thành đề tài cấm kỵ. Nhưng như lẽ thường phải thế, luôn có những kẻ nuôi hy vọng, giấc mơ, những kẻ mang trong mình niềm lạc quan có thể lây lan cho những cư dân khác. Hình phạt cho chúng chỉ có một: chúng bị tống đi lau chùi các cảm biến bên ngoài tháp giống.Và đó sẽ là chuyến đi không đường trở lại.Khi cảnh sát trưởng của tháp giống phạm phải tội lỗi không thể tha thứ ấy, Juliette, một thợ máy ở bộ phận Cơ Khí, trở thành người kế nhiệm bất đắc dĩ. Cô không biết rằng mình sắp trở thành nhân tố cuối cùng, góp phần đưa tháp giống đến với bước ngoặt quyết định sự tồn vong hay tuyệt diện của nó.LEN CHÙI (WOOL)là tập đầu tiên trong bộ ba tập về SILO – THÁP GIỐNG của tác giả HUGH HOWEY. Một series phim truyền hình gồm 10 tập, lấy tên Wool, do Rebecca Ferguson đóng chính, được dự kiến ra mắt trên Apple TV+ vào tháng Ba, 2023.Thông tin tác giảHugh Howey(sinh năm 1975) là một tác giả viết truyện sci - fi người Mỹ. Ông trường thành ở Monroe, Bắc Carolina. Các tác phẩm của ông thưởng xoay quanh chủ để vượt qua nghịch cảnh mà không đánh mất chính mình.LEN CHÙI (WOOL) ra mắt độc giả lần đầu tiên vào năm 2011 như một truyện ngắn độc lập, do tác giả tự xuất bản dưới dạng ebook trên Amazon. Nhờ sự đón nhận nồng nhiệt từ độc giả, ông triển khai câu chuyện để cho ra thêm 4 tiểu thuyết ngắn. Quyển sách bạn đang cầm trên tay là phiên bản tổng hợp cả 5 phần sách, được phát hành năm 2012, cũng là tập mở đầu cho series SILO – THÁP GIỐNG.CA TRỰC (SHIFT), tập thứ hai trong series, cũng được phát hành lần đầu thành 3 tiểu thuyết ngắn (phần 6 đến 8 trước khi được in gộp làm 1 quyền vào năm 2013.CÁT BỤI (DUST), tập cuối cùng trong series, được phát hành năm 2013 dưới dạng một tiểu thuyết hoàn chỉnh.",Thành Nguyễn,630
Hốt Tất Liệt Đại Đế,https://nhasachphuongnam.com/images/thumbnails/900/900/detailed/246/hot-tat-liet-dai-de.jpg,Van hoc duong dai,Tôn Văn Thánh,NXB Hồng Đức,"195,000 đ","Từ khi Nguyên Thế Tổ Hốt Tất Liệt lên ngôi (1271) cho tới lúc Đế quốc Nguyên bị diệt vong (1368), thời gian chỉ 88 năm, trong đó ông đã trị vì hơn 30 năm. Với đường lối cai trị ""đỉnh tân cách cố, vụ nhất vạn phương"", Hốt Tất Liệt đã lên tột đỉnh vinh quang nhưng cũng bị giằng xé bởi những mâu thuẫn nội tâm mà đến cuối đời ông vẫn không thể giải thoát.Con người và sự nghiệp của Hốt Tất Liệt đã làm hao tốn biết bao giấy mực,nhà sách online nhưng có một điều không thể phủ nhận: Hốt Tất Liệt là một vị hoàng đế vĩ đại và kiệt xuất trong lịch sử Trung Hoa!Với ngòi bút sắc bén, phong cách kể chuyện hấp dẫn, tác giả đã tái tạo âm hưởng vừa hào hùng vừa bi tráng của một giai đoạn lịch sử đặc biệt; đồng thời khắc họa sống động nhân vật Hốt Tất Liệt trên bức tranh toàn cảnh đầy biến động của châu Á cuối thế kỉ XIII.",Phong Đảo,719
Rượu Độc Lóng Lánh,https://nhasachphuongnam.com/images/thumbnails/900/900/detailed/246/ruou-doc-long-lanh.jpg,Van hoc duong dai,Agatha Christie,NXB Trẻ,"145,000 đ","Sáu người ngồi vào một bàn tiệc được bày biện cho bảy người tham dự. Trước chỗ ngồi để trống là một nhành hương thảo – Rosemary – “loài hoa tỏ niềm tưởng nhớ”. Thật là một gợi nhắc lạ lùng, vì chẳng ai trong số họ quên được cái đêm kinh hoàng của một năm về trước, khi Rosemary Barton gục chết trên chính cái bàn này, gương mặt xinh đẹp méo mó vì đau đớn.Như cái tên, Rosemary không thể bị lãng quên. Cô luôn khơi gợi cảm xúc mãnh liệt ở mọi người, và có khi là cảm xúc đủ mạnh để họ xuống tay hạ sát cô...Đêm nay, bi kịch có tái diễn? Giữa một cái bẫy, mấy tay bồi bàn, và những gói độc dược giấu trong túi xách, làm sao Đại tá Race phá giải vụ án mạng đáng lẽ không thể nào xảy ra được nhưng đã xảy ra? Một lần nữa, Agatha Christie lại chứng tỏ sức hấp dẫn đến từ sự am hiểu tâm lý vô song và một bí ẩn vừa lắt léo vừa giản đơn đến tài tình.“Màn kết sẽ khiến chín trên mười người đọc phải sửng sốt.” - New York Times",Hồng Quyên,323
Pony Chú Ngựa Dũng Mãnh,https://nhasachphuongnam.com/images/thumbnails/900/900/detailed/246/pony-chu-ngua-dung-manh.jpg,Van hoc duong dai,R. J. Palacio,NXB Trẻ,"150,000 đ","Giữa đêm,  có ba gã lạ mặt đột ngột xuất hiện trước nhà cậu bé Silas. Họ ép buộc cha cậu đi theo để thực hiện một phi vụ bí ẩn. Silas ở lại nhà một mình, sợ hãi và đơn độc, chỉ có sự bầu bạn của Mittenwool – một hồn ma. Rồi một chú ngựa con xuất hiện trước cửa nhà, và Silas biết mình phải làm gì. Cậu bé 12 tuổi đã bắt đầu một chuyến đi đầy nguy hiểm để tìm cha - một cuộc hành trình cuối cùng sẽ kết nối cậu với quá khứ và tương lai, và những bí ẩn của thế giới xung quanh.Đây là một câu chuyện đau đớn và đẹp đẽ về sức mạnh của tình yêu và những sợi dây ràng buộc chúng ta qua không gian, thời gian. Sách dành cho bạn đọc mọi lứa tuổi – những ai yêu thích phiêu lưu và muốn khám phá vẻ đẹp của tâm hồn mình.“Một câu chuyện đầy những nhân vật kỳ lạ với các tình tiết ảo diệu. R.J. Palacio đã khéo léo chỉ ra rằng, chúng ta là TẤT CẢ trong cuộc hành trình độc đáo của riêng mình, và những gì gắn kết chúng ta với nhau luôn mạnh mẽ và quan trọng hơn những gì khiến ta chia lìa.” - Jared PadaleckiThông tin tác giảR. J. Palaciolà tác giả của cuốn sách Điều kỳ diệu (Wonder) – tiểu thuyết bán chạy số 1 theo bình chọn của New York Times, đã bán được hơn 12 triệu bản trên toàn thế giới và xuất bản trên 50 ngôn ngữ. Thông điệp của cuốn sách đã truyền cảm hứng cho phong trào Chọn việc tử tế và đã được độc giả trên khắp thế giới đón nhận. Điều kỳ diệu đã được dựng thành phim bom tấn với sự tham gia của Julia Roberts, Owen Wilson và Jacob Tremblay. Những cuốn sách bán chạy nhất khác của Palacio bao gồm Auggie & Tôi: Ba Câu chuyện về điều Kỳ diệu, 365 Days of Wonder: Mr. Browne's Precepts…",Hồng Quyên,359
Bộ Tứ,https://nhasachphuongnam.com/images/thumbnails/900/900/detailed/246/bo-tu.jpg,Van hoc duong dai,Agatha Christie,NXB Trẻ,"120,000 đ","Một vị khách không mời đột ngột xuất hiện trước cửa phòng ngủ của Hercule Poirot, khắp người phủ đầy bụi và bùn, trông hốc hác và kiệt quệ. Anh ta nhìn chằm chằm ông một lúc, rồi đổ ụp xuống. Trước khi chìm vào hôn mê và qua đời sau đó, anh ta lặp đi lặp lại về số 4 và nói về một băng nhóm tội phạm quốc tế.Từ vụ án này tới vụ án khác, bí ẩn này đến bí ẩn khác, Poirot thấy mình dấn thân vào một thế giới bí mật đầy tội ác, đấu trí với những tên tội phạm sừng sỏ để tìm ra sự thật vềBộ Tứ. Phải chăng những kẻ này đang hướng tới việc kiểm soát và thống trị thế giới, bằng vũ khí bí mật và những quyền lực vô hạn?",Hữu Thiện,258
Ma Vương Tôi Đây Nên Yêu Cô Dâu Elf Của Mình Như Thế Nào? - Tập 1,https://nhasachphuongnam.com/images/thumbnails/900/900/detailed/246/ma-vuong-toi-day-nen-yeu-co-dau-elf-cua-minh-tap-1.jpg,Van hoc duong dai,Fuminori Teshima,NXB Phụ Nữ,"138,000 đ","Zagan nổi tiếng là một ma thuật sư đáng sợ, lầm lì và độc miệng. Ngày ngày anh chỉ vùi đầu vào nghiên cứu ma thuật và đánh bay mấy tên trộm lẻn vào lãnh địa của mình.Mọi chuyện bắt đầu… vào buổi sáng hôm ấy.Tại buổi đấu giá ngầm ấy, Zagan đã bắt gặp một cô gái Elf sở hữu mái tóc trắng và vẻ đẹp tuyệt thế tên là Nephi. Ngay khoảnh khắc đó, Zagan đã yêu cô từ cái nhìn đầu tiên và vét sạch gia tài của mình để chuộc cô về, song một kẻ ăn nói vụng về như anh lại chẳng biết nên đối đãi với cô như thế nào.Phải làm sao để bắt chuyện với cô gái mình thích đây…!“Bầu trời đẹp nhỉ?”… Không. Không được. Câu này không ổn.“Cô thấy tòa lâu đài này thế nào?”Không, không được. Câu này cũng không ổn.Cứ như thế, đã gần ba mươi phút trôi qua mà Zagan vẫn chưa thể mở lời với cô gái mà mình thích.Mình, một Ma vương, đã biến một nàng nô lệ Elf thành cô dâu của mình, nhưng mình nên yêu cô ấy như thế nào mới tốt đây?Hãy cùng đón đọc tập 1 cuốn sáchMa Vương Tôi Đây Nên Yêu Cô Dâu Elf Của Mình Như Thế Nào?của tác giả Fuminori Teshima và phần minh họa của COMTA để xem những ngày tháng sống chung ngọt ngào giữa một ma thuật sư không biết cách bày tỏ tình yêu và một nô lệ vô cùng ái mộ chủ nhân của mình song lại chẳng biết làm cách nào thu hút anh như nào nhé!",Trần Thiện Anh,320
Mình Sẽ Tìm Cậu Vào Đêm Trăng Rằm,https://nhasachphuongnam.com/images/thumbnails/900/900/detailed/246/minh-se-tim-cau-vao-dem-trang-ram.jpg,Van hoc duong dai,Yozora Fuyuno,NXB Thế Giới,"109,000 đ","Từ ngày không còn cha mẹ ở bên, tôi đã trở nên vô cảm với thế giới này. Mỗi ngày tôi đều say mê vẽ tranh, nhưng các bức tranh của tôi chỉ là tranh đen trắng, hoàn toàn không có một chút sắc màu. Bỗng một ngày có một người con gái rất đẹp, mang theo bầu không khí kỳ lạ xuất hiện. Dáng vẻ cô ấy lặng yên mỉm cười trước bức tranh mà tôi vẽ khiến tôi dần dần bị thu hút. Tuy nhiên thế giới trong mắt cô ấy đã hoàn toàn mất đi mọi màu sắc, thêm nữa số phận của cô ấy còn được định sẵn là “Càng hạnh phúc, cái chết sẽ càng cận kề”.“Tớ không muốn mất cậu…” Để có thể khiến thế giới của cô ấy bừng sáng trở lại, tôi đã đưa ra một quyết định quan trọng…“Giữa một đời dài rộng nhưng rất đỗi bình thường và một đời ngắn ngủi nhưng ngập tràn hạnh phúc, cậu sẽ chọn cái nào?”",,248
Bàn Tròn Trí Mạng (Bộ 2 tập),https://nhasachphuongnam.com/images/detailed/246/ban-tron-tri-mang.jpg,Van hoc duong dai,Tiếu Thanh Tranh,NXB Hà Nội,"275,000 đ","“Nếu có ai muốn thực hiện một điều mà bản thân vô cùng vô cùng khát vọng, nhưng lại không có khả năng biến nó thành hiện thực, vậy bạn có thể dùng tính mạng của mình để đặt cược, sau đó ‘Trò chơi bàn tròn’ sẽ mở ra, thực hiện nguyện vọng của bạn.”……Tự đáy lòng, Giang Vấn Nguyên vẫn luôn khắc khoải về cái chết kỳ lạ của người yêu cậu – Trần Miên. Tới khi bị cuốn vào trò chơi chết chóc, cậu mới bất ngờ phát hiện di vật mà Trần Miên để lại: một chiếc nhẫn bạc cùng con rối Vô Diện bằng xương. Lúc này, Giang Vấn Nguyên nhận ra rằng người mà cậu yêu thương đã cất giữ quá nhiều bí mật…Chiếc bàn tròn kỳ bí trong đêm, con rối với gương mặt cười quỷ dị, những thứ nằm ngoài sức tưởng tượng của con người, từng chút từng chút một từ trong lò luyện của dịch vọng nối đuôi nhau trườn ra ngoài. Sự chết chóc bao phủ lấy ánh dương, những bí mật tuyệt diệt cả đêm tối. Dưới đáy vực thẳm chất đầy hài cốt, chỉ tồn tại một con đường sống duy nhất được đúc thành từ máu và xương.",Đặng Hồng Quân,760
Trí Hoán Hung Đồ - Tập 2,https://nhasachphuongnam.com/images/thumbnails/900/900/detailed/246/tri-hoan-hung-do-tap-2_vpc6-0u.jpg,Van hoc duong dai,Miêu Trà Hải Ly,NXB Thế Giới,"299,000 đ","KHÔNG CÓ GẶP GỠ SẼ CHẲNG CÓ BẮT ĐẦUChúng ta không ngừng dệt quá khứ, hiện tại và tương lai thành một thần thoại cá nhân đầy sống động. Câu chuyện cuộc đời là đặc điểm quan trọng nhất để chúng ta phân biệt bản thân mình với người khác.Hà Nguy tiếp nhận vụ án mạng xảy ra tại một căn biệt thự bỏ hoang. Nạn nhân tên Trình Trạch Sinh, nam, nghệ sĩ dương cầm, tử vong do trúng đạn.Cùng thời gian đó, cùng một căn biệt thự, Trình Trạch Sinh dẫn đội đi điều tra hiện trường. Nạn nhân tên Hà Nguy, nam, nhân viên văn phòng, tử vong do ngạt thở.Thế giới khác nhau, nghề nghiệp khác nhau, điểm chung duy nhất là họ đều đã chết trong thế giới của người kia.Rốt cuộc điều gì đã kết nối hai con người đang điều tra vụ án tại hai thế giới song song lại với nhau? Thời gian, không gian bất ngờ giao thoa, hai thế giới song song lặng lẽ biến đổi bất thường. Hà Nguy dần phát hiện ra vòng tuần hoàn không thể phá giải. Lãng phí thời gian trong vòng quay của vận mệnh, phải làm thế nào đều cứu được Trình Trạch Sinh?Không có gặp gỡ sẽ chẳng có bắt đầu.Tiếng chuông đồng hồ lúc nửa đêm, liệu người đó còn đứng ở phía đối diện?",Minh Hoa,512
